{
  "pages": [
    {
      "url": "http://1916irishpub.com/plant-city-1916-irish-pub-plant-city-about",
      "is_candidate": false,
      "has_email": true,
      "text": "Start Section 1\n1916 Irish Pub Plant City\nslideshow start stop playing\nDot slide navigation number 1\nDot slide navigation number 2\nprevious slide\nnext slide\n1916 Irish Pub Plant City\nEnd Section 1\nStart Section 2\nAbout us\nThe 1916 Irish Pub, which is owned and operated by Chuck Jamieson and his business partner, Duke Mendel, offers a unique dining and entertainment experience as it fuses the authentic Irish feel with a contemporary twist.\nEnd Section 2\nStart Section 4 Custom section\nEnd  Section 4 Custom section\nStart Section 3\nReset zoom\nContact us:\nby phone\n(813)-756-6504,\nby email\nChuck.1916pub@gmail.com\nEnd Section 3\nStart Section 1\n1916 Irish Pub Plant City\nslideshow start stop playing\nDot slide navigation number 1\nDot slide navigation number 2\nprevious slide\nnext slide\n1916 Irish Pub Plant City\nEnd Section 1\nStart Section 2\nAbout us\nThe 1916 Irish Pub, which is owned and operated by Chuck Jamieson and his business partner, Duke Mendel, offers a unique dining and entertainment experience as it fuses the authentic Irish feel with a contemporary twist.\nEnd Section 2\nStart Section 4 Custom section\nEnd  Section 4 Custom section\nStart Section 3\nReset zoom\nContact us:\nby phone\n(813)-756-6504,\nby email\nChuck.1916pub@gmail.com\nEnd Section 3\nStart Section 1\n1916 Irish Pub Plant City\nslideshow start stop playing\nDot slide navigation number 1\nDot slide navigation number 2\nprevious slide\nnext slide\n1916 Irish Pub Plant City\nEnd Section 1\nStart Section 2\nAbout us\nThe 1916 Irish Pub, which is owned and operated by Chuck Jamieson and his business partner, Duke Mendel, offers a unique dining and entertainment experience as it fuses the authentic Irish feel with a contemporary twist.\nEnd Section 2\nStart Section 4 Custom section\nEnd  Section 4 Custom section\nStart Section 3\nReset zoom\nContact us:\nby phone\n(813)-756-6504,\nby email\nChuck.1916pub@gmail.com\nEnd Section 3",
      "emails": [
        "chuck.1916pub@gmail.com",
        "email@example.com"
      ]
    },
    {
      "url": "http://1916irishpub.com/plant-city-1916-irish-pub-plant-city-events",
      "is_candidate": false,
      "has_email": true,
      "text": "Events\nFreddy Matthews\nSaturday August 30th\nLive 8pm-12am\n10:00 AM - 10:00 PM\nNathan Drawdy\nSaturday September 6th\nLive Performance:\nNathan Drawdy\n8pm-12am\n10:00 AM - 10:00 PM\nFreddy Matthews\nSaturday September 13th\nLive Performance:\nFreddy Matthews\n8pm-12am\n12:00 AM - 02:00 AM\nJosh Geercken\nSaturday September 20th\nLive Performance:\nJosh Geercken\n8pm-12am\n10:00 AM - 10:00 PM\nTony Tyler\nSaturday September 27th\nLive Performance:\nTony Tyler\n8pm-12am\n10:00 AM - 10:00 PM\nNational Drink Beer Day\nSunday September 28th\nJoin us for National Drink Beer Day on Sept 28th and try one of our many craft brews!\n11:00 AM - 02:00 AM\nHalloween\nFriday October 31st\nBring your best costume and join us on Halloween!\n11:00 AM - 02:00 AM\nEvents\nFreddy Matthews\nSaturday August 30th\nLive 8pm-12am\n10:00 AM - 10:00 PM\nNathan Drawdy\nSaturday September 6th\nLive Performance:\nNathan Drawdy\n8pm-12am\n10:00 AM - 10:00 PM\nFreddy Matthews\nSaturday September 13th\nLive Performance:\nFreddy Matthews\n8pm-12am\n12:00 AM - 02:00 AM\nJosh Geercken\nSaturday September 20th\nLive Performance:\nJosh Geercken\n8pm-12am\n10:00 AM - 10:00 PM\nTony Tyler\nSaturday September 27th\nLive Performance:\nTony Tyler\n8pm-12am\n10:00 AM - 10:00 PM\nNational Drink Beer Day\nSunday September 28th\nJoin us for National Drink Beer Day on Sept 28th and try one of our many craft brews!\n11:00 AM - 02:00 AM\nHalloween\nFriday October 31st\nBring your best costume and join us on Halloween!\n11:00 AM - 02:00 AM\nFreddy Matthews\nSaturday August 30th\nLive 8pm-12am\n10:00 AM - 10:00 PM\nNathan Drawdy\nSaturday September 6th\nLive Performance:\nNathan Drawdy\n8pm-12am\n10:00 AM - 10:00 PM\nFreddy Matthews\nSaturday September 13th\nLive Performance:\nFreddy Matthews\n8pm-12am\n12:00 AM - 02:00 AM\nJosh Geercken\nSaturday September 20th\nLive Performance:\nJosh Geercken\n8pm-12am\n10:00 AM - 10:00 PM\nTony Tyler\nSaturday September 27th\nLive Performance:\nTony Tyler\n8pm-12am\n10:00 AM - 10:00 PM\nNational Drink Beer Day\nSunday September 28th\nJoin us for National Drink Beer Day on Sept 28th and try one of our many craft brews!\n11:00 AM - 02:00 AM\nHalloween\nFriday October 31st\nBring your best costume and join us on Halloween!\n11:00 AM - 02:00 AM",
      "emails": [
        "chuck.1916pub@gmail.com",
        "email@example.com"
      ]
    },
    {
      "url": "http://1916irishpub.com/plant-city-1916-irish-pub-plant-city-lakeland",
      "is_candidate": false,
      "has_email": true,
      "text": "Events\nLive performance Gene Eanett\nFriday August 29th\nSunday may 8th\nFridays every 2 weeks\n05:00 PM - 09:00 PM\nLive Performance Christi Massey\nFriday September 5th\nSunday may 8th\nFridays every 2 weeks\n05:00 PM - 09:00 PM\nNational Cheeseburger Day\nThursday September 18th\nSunday may 8th\nCome grab a giant juicy cheeseburger for National Cheeseburger Day Sept 18th!\n11:00 AM - 10:00 PM\nNational Drink Beer Day\nSunday September 28th\nSunday may 8th\nJoin us for National Drink Beer Day on Sept 28th and try one of our many craft brews!\n11:00 AM - 09:00 PM\nHalloween\nFriday October 31st\nSunday may 8th\nBring your best costume and join us on Halloween!\n11:00 AM - 10:00 PM\nNational Sandwich Day\nMonday November 3rd\nSunday may 8th\nBecause food tastes better between bread!\n11:00 AM - 10:00 PM\nEvents\nLive performance Gene Eanett\nFriday August 29th\nSunday may 8th\nFridays every 2 weeks\n05:00 PM - 09:00 PM\nLive Performance Christi Massey\nFriday September 5th\nSunday may 8th\nFridays every 2 weeks\n05:00 PM - 09:00 PM\nNational Cheeseburger Day\nThursday September 18th\nSunday may 8th\nCome grab a giant juicy cheeseburger for National Cheeseburger Day Sept 18th!\n11:00 AM - 10:00 PM\nNational Drink Beer Day\nSunday September 28th\nSunday may 8th\nJoin us for National Drink Beer Day on Sept 28th and try one of our many craft brews!\n11:00 AM - 09:00 PM\nHalloween\nFriday October 31st\nSunday may 8th\nBring your best costume and join us on Halloween!\n11:00 AM - 10:00 PM\nNational Sandwich Day\nMonday November 3rd\nSunday may 8th\nBecause food tastes better between bread!\n11:00 AM - 10:00 PM\nLive performance Gene Eanett\nFriday August 29th\nSunday may 8th\nFridays every 2 weeks\n05:00 PM - 09:00 PM\nLive Performance Christi Massey\nFriday September 5th\nSunday may 8th\nFridays every 2 weeks\n05:00 PM - 09:00 PM\nNational Cheeseburger Day\nThursday September 18th\nSunday may 8th\nCome grab a giant juicy cheeseburger for National Cheeseburger Day Sept 18th!\n11:00 AM - 10:00 PM\nNational Drink Beer Day\nSunday September 28th\nSunday may 8th\nJoin us for National Drink Beer Day on Sept 28th and try one of our many craft brews!\n11:00 AM - 09:00 PM\nHalloween\nFriday October 31st\nSunday may 8th\nBring your best costume and join us on Halloween!\n11:00 AM - 10:00 PM\nNational Sandwich Day\nMonday November 3rd\nSunday may 8th\nBecause food tastes better between bread!\n11:00 AM - 10:00 PM",
      "emails": [
        "chuck.1916pub@gmail.com",
        "email@example.com"
      ]
    },
    {
      "url": "http://1916irishpub.com/plant-city-1916-irish-pub-plant-city-brandon",
      "is_candidate": false,
      "has_email": true,
      "text": "Events\nDJ\nThursday August 28th\nSunday may 8th\nSkeelow 10pm-2am\n10:00 AM - 10:00 PM\nPiper Landon\nFriday August 29th\nSunday may 8th\nLive 5pm-9pm\n10:00 AM - 10:00 PM\nLanny Zeigal\nSaturday August 30th\nSunday may 8th\nLive 8pm-12am\n10:00 AM - 10:00 PM\nEd Wright!\nTuesday September 2nd\nSunday may 8th\nMonthly on every first Tuesday\nJoin us at 1916 Irish Pub for a great night with Ed Wright! Enjoy his soulful mix of classic rock, blues, and Irish folk while you sip a pint and soak in the lively atmosphere. Don’t miss out! 🍻🎶\n06:00 PM - 09:00 PM\nDJ Sean Rene\nThursday September 4th\nSunday may 8th\nCome see DJ Sean Rene playing all your favorites!!\n8pm-12am\n10:00 AM - 10:00 PM\nMatt Gold\nFriday September 5th\nSunday may 8th\nMatt Gold !\n5pm-9pm\n10:00 AM - 10:00 PM\nJosh Geercken\nSaturday September 6th\nSunday may 8th\nJosh Geercken!\n8pm-12am\n10:00 AM - 10:00 PM\nDJ Lira\nThursday September 11th\nSunday may 8th\nDJ Lira\n9pm-1am\n10:00 AM - 10:00 PM\nPiper Landon\nFriday September 12th\nSunday may 8th\nCome see Piper Landon!!!! She has been with us plenty of times!\n5pm-9pm\n10:00 AM - 10:00 PM\nNathan Drawdy\nSaturday September 13th\nSunday may 8th\nNathan Drawdy\n8pm-12am\n10:00 AM - 10:00 PM\nDJ Hurricane\nThursday September 18th\nSunday may 8th\nDJ Hurricane\n8pm-12am\n10:00 AM - 10:00 PM\nNational Cheeseburger Day\nThursday September 18th\nSunday may 8th\nCome grab a giant juicy cheeseburger for National Cheeseburger Day Sept 18th!\n11:00 AM - 03:00 AM\nDanielle Morh\nFriday September 19th\nSunday may 8th\nDanielle Morh\n5pm-9pm\n10:00 AM - 10:00 PM\nFreddy Matthews\nSaturday September 20th\nSunday may 8th\nCome see Freddy Matthews! plays any music you want!\n8pm-12am\n10:00 AM - 10:00 PM\nDJ Fugi\nThursday September 25th\nSunday may 8th\nDJ Fugi\n8pm-12am\n10:00 AM - 10:00 PM\nRich Sheldon\nSaturday September 27th\nSunday may 8th\nRich Sheldon\n8pm-12am\n10:00 AM - 10:00 PM\nNational Drink Beer Day\nSunday September 28th\nSunday may 8th\nJoin us for National Drink Beer Day on Sept 28th and try one of our many craft brews!\n11:00 AM - 03:00 AM\nHalloween\nFriday October 31st\nSunday may 8th\nBring your best costume and join us on Halloween!\n11:00 AM - 03:00 AM\nNational Sandwich Day\nMonday November 3rd\nSunday may 8th\nBecause food tastes better between bread!\n11:00 AM - 03:00 AM\nThanksgiving\nThursday November 27th\nSunday may 8th\nBring your friends and family by on Thanksgiving Day for a celebratory feast!\n11:00 AM - 03:00 AM\nEvents\nDJ\nThursday August 28th\nSunday may 8th\nSkeelow 10pm-2am\n10:00 AM - 10:00 PM\nPiper Landon\nFriday August 29th\nSunday may 8th\nLive 5pm-9pm\n10:00 AM - 10:00 PM\nLanny Zeigal\nSaturday August 30th\nSunday may 8th\nLive 8pm-12am\n10:00 AM - 10:00 PM\nEd Wright!\nTuesday September 2nd\nSunday may 8th\nMonthly on every first Tuesday\nJoin us at 1916 Irish Pub for a great night with Ed Wright! Enjoy his soulful mix of classic rock, blues, and Irish folk while you sip a pint and soak in the lively atmosphere. Don’t miss out! 🍻🎶\n06:00 PM - 09:00 PM\nDJ Sean Rene\nThursday September 4th\nSunday may 8th\nCome see DJ Sean Rene playing all your favorites!!\n8pm-12am\n10:00 AM - 10:00 PM\nMatt Gold\nFriday September 5th\nSunday may 8th\nMatt Gold !\n5pm-9pm\n10:00 AM - 10:00 PM\nJosh Geercken\nSaturday September 6th\nSunday may 8th\nJosh Geercken!\n8pm-12am\n10:00 AM - 10:00 PM\nDJ Lira\nThursday September 11th\nSunday may 8th\nDJ Lira\n9pm-1am\n10:00 AM - 10:00 PM\nPiper Landon\nFriday September 12th\nSunday may 8th\nCome see Piper Landon!!!! She has been with us plenty of times!\n5pm-9pm\n10:00 AM - 10:00 PM\nNathan Drawdy\nSaturday September 13th\nSunday may 8th\nNathan Drawdy\n8pm-12am\n10:00 AM - 10:00 PM\nDJ Hurricane\nThursday September 18th\nSunday may 8th\nDJ Hurricane\n8pm-12am\n10:00 AM - 10:00 PM\nNational Cheeseburger Day\nThursday September 18th\nSunday may 8th\nCome grab a giant juicy cheeseburger for National Cheeseburger Day Sept 18th!\n11:00 AM - 03:00 AM\nDanielle Morh\nFriday September 19th\nSunday may 8th\nDanielle Morh\n5pm-9pm\n10:00 AM - 10:00 PM\nFreddy Matthews\nSaturday September 20th\nSunday may 8th\nCome see Freddy Matthews! plays any music you want!\n8pm-12am\n10:00 AM - 10:00 PM\nDJ Fugi\nThursday September 25th\nSunday may 8th\nDJ Fugi\n8pm-12am\n10:00 AM - 10:00 PM\nRich Sheldon\nSaturday September 27th\nSunday may 8th\nRich Sheldon\n8pm-12am\n10:00 AM - 10:00 PM\nNational Drink Beer Day\nSunday September 28th\nSunday may 8th\nJoin us for National Drink Beer Day on Sept 28th and try one of our many craft brews!\n11:00 AM - 03:00 AM\nHalloween\nFriday October 31st\nSunday may 8th\nBring your best costume and join us on Halloween!\n11:00 AM - 03:00 AM\nNational Sandwich Day\nMonday November 3rd\nSunday may 8th\nBecause food tastes better between bread!\n11:00 AM - 03:00 AM\nThanksgiving\nThursday November 27th\nSunday may 8th\nBring your friends and family by on Thanksgiving Day for a celebratory feast!\n11:00 AM - 03:00 AM\nDJ\nThursday August 28th\nSunday may 8th\nSkeelow 10pm-2am\n10:00 AM - 10:00 PM\nPiper Landon\nFriday August 29th\nSunday may 8th\nLive 5pm-9pm\n10:00 AM - 10:00 PM\nLanny Zeigal\nSaturday August 30th\nSunday may 8th\nLive 8pm-12am\n10:00 AM - 10:00 PM\nEd Wright!\nTuesday September 2nd\nSunday may 8th\nMonthly on every first Tuesday\nJoin us at 1916 Irish Pub for a great night with Ed Wright! Enjoy his soulful mix of classic rock, blues, and Irish folk while you sip a pint and soak in the lively atmosphere. Don’t miss out! 🍻🎶\n06:00 PM - 09:00 PM\nDJ Sean Rene\nThursday September 4th\nSunday may 8th\nCome see DJ Sean Rene playing all your favorites!!\n8pm-12am\n10:00 AM - 10:00 PM\nMatt Gold\nFriday September 5th\nSunday may 8th\nMatt Gold !\n5pm-9pm\n10:00 AM - 10:00 PM\nJosh Geercken\nSaturday September 6th\nSunday may 8th\nJosh Geercken!\n8pm-12am\n10:00 AM - 10:00 PM\nDJ Lira\nThursday September 11th\nSunday may 8th\nDJ Lira\n9pm-1am\n10:00 AM - 10:00 PM\nPiper Landon\nFriday September 12th\nSunday may 8th\nCome see Piper Landon!!!! She has been with us plenty of times!\n5pm-9pm\n10:00 AM - 10:00 PM\nNathan Drawdy\nSaturday September 13th\nSunday may 8th\nNathan Drawdy\n8pm-12am\n10:00 AM - 10:00 PM\nDJ Hurricane\nThursday September 18th\nSunday may 8th\nDJ Hurricane\n8pm-12am\n10:00 AM - 10:00 PM\nNational Cheeseburger Day\nThursday September 18th\nSunday may 8th\nCome grab a giant juicy cheeseburger for National Cheeseburger Day Sept 18th!\n11:00 AM - 03:00 AM\nDanielle Morh\nFriday September 19th\nSunday may 8th\nDanielle Morh\n5pm-9pm\n10:00 AM - 10:00 PM\nFreddy Matthews\nSaturday September 20th\nSunday may 8th\nCome see Freddy Matthews! plays any music you want!\n8pm-12am\n10:00 AM - 10:00 PM\nDJ Fugi\nThursday September 25th\nSunday may 8th\nDJ Fugi\n8pm-12am\n10:00 AM - 10:00 PM\nRich Sheldon\nSaturday September 27th\nSunday may 8th\nRich Sheldon\n8pm-12am\n10:00 AM - 10:00 PM\nNational Drink Beer Day\nSunday September 28th\nSunday may 8th\nJoin us for National Drink Beer Day on Sept 28th and try one of our many craft brews!\n11:00 AM - 03:00 AM\nHalloween\nFriday October 31st\nSunday may 8th\nBring your best costume and join us on Halloween!\n11:00 AM - 03:00 AM\nNational Sandwich Day\nMonday November 3rd\nSunday may 8th\nBecause food tastes better between bread!\n11:00 AM - 03:00 AM\nThanksgiving\nThursday November 27th\nSunday may 8th\nBring your friends and family by on Thanksgiving Day for a celebratory feast!\n11:00 AM - 03:00 AM",
      "emails": [
        "chuck.1916pub@gmail.com",
        "email@example.com"
      ]
    }
  ],
  "all_links": [
    "http://1916irishpub.com/plant-city-1916-irish-pub-plant-city-about",
    "http://1916irishpub.com/plant-city-1916-irish-pub-plant-city-food-menu",
    "http://1916irishpub.com/plant-city-1916-irish-pub-plant-city-events",
    "http://1916irishpub.com/plant-city-1916-irish-pub-plant-city-party",
    "http://1916irishpub.com/plant-city-1916-irish-pub-plant-city-catering-page",
    "http://1916irishpub.com/plant-city-1916-irish-pub-plant-city-reservations",
    "http://1916irishpub.com/",
    "https://1916irishpub.com/-reservations?source=header&spot_id=282348&destination=reservations&promotion=reservations",
    "http://1916irishpub.com/plant-city-1916-irish-pub-plant-city-catering",
    "http://1916irishpub.com/plant-city-1916-irish-pub-plant-city-happy-hours-specials",
    "http://1916irishpub.com/accessibility-page-01",
    "http://1916irishpub.com/plant-city-1916-irish-pub-plant-city-lakeland",
    "http://1916irishpub.com/plant-city-1916-irish-pub-plant-city-drink-menu",
    "http://1916irishpub.com/plant-city-1916-irish-pub-plant-city-locations",
    "http://1916irishpub.com/plant-city-1916-irish-pub-plant-city-brandon",
    "https://1916irishpub.com/-catering-page?source=header&spot_id=282348&destination=catering&promotion=catering"
  ],
  "candidate_links": [
    "http://1916irishpub.com/plant-city-1916-irish-pub-plant-city-about",
    "http://1916irishpub.com/plant-city-1916-irish-pub-plant-city-events",
    "http://1916irishpub.com/plant-city-1916-irish-pub-plant-city-lakeland",
    "http://1916irishpub.com/plant-city-1916-irish-pub-plant-city-brandon"
  ],
  "visited": [
    "http://1916irishpub.com/",
    "http://1916irishpub.com/about",
    "http://1916irishpub.com/contact",
    "http://1916irishpub.com/staff",
    "http://1916irishpub.com/team",
    "http://1916irishpub.com/board",
    "http://1916irishpub.com/directory",
    "http://1916irishpub.com/events",
    "http://1916irishpub.com/sitemap.xml",
    "http://1916irishpub.com/council",
    "http://1916irishpub.com/leadership",
    "http://1916irishpub.com/management",
    "http://1916irishpub.com/producers",
    "http://1916irishpub.com/support",
    "http://1916irishpub.com/crew",
    "http://1916irishpub.com/members",
    "http://1916irishpub.com/bios",
    "http://1916irishpub.com/people",
    "http://1916irishpub.com/artists",
    "http://1916irishpub.com/musicians",
    "http://1916irishpub.com/faculty",
    "http://1916irishpub.com/administration",
    "http://1916irishpub.com/plant-city-1916-irish-pub-plant-city-about",
    "http://1916irishpub.com/plant-city-1916-irish-pub-plant-city-events",
    "http://1916irishpub.com/plant-city-1916-irish-pub-plant-city-lakeland",
    "http://1916irishpub.com/plant-city-1916-irish-pub-plant-city-brandon"
  ],
  "base_url": "http://1916irishpub.com/"
}