{
  "pages": [
    {
      "url": "http://www.drhorton.com/contact-us-page",
      "is_candidate": false,
      "has_email": false,
      "text": "Customer care\nWarranty request\nMaintenance resources\nProperty submittal\nContact us\nOur\nfrequently asked questions\nmay have the answer you need. If you are unable to find what you need, please complete the contact us form.\nIf you need to contact your local division office, you can find your local office\nhere\n.\nContact us\nInquiry Type:\nMake a selection\nHome Buyer - Sales Inquiries\nHomeowner Inquiries\nReal Estate Agent Inquiries\nVendor Inquiries\nOther Inquiries\nFirst Name\nLast Name\nPhone Number\nSecondary Phone\nEmail\nConfirm Email\nAddress\nState\nMake a selection\nAK\nAL\nAR\nAZ\nCA\nCO\nCT\nDC\nDE\nFL\nGA\nHI\nIA\nID\nIL\nIN\nKS\nKY\nLA\nMA\nMD\nME\nMI\nMN\nMO\nMS\nMT\nNC\nND\nNE\nNH\nNJ\nNM\nNV\nNY\nOH\nOK\nor\nPA\nRI\nSC\nSD\nTN\nTX\nUT\nVA\nVT\nWA\nWI\nWV\nWY\nCity\nRequest details (a minimum of 10 characters is required)\nBy making this submission, you agree that D.R. Horton and  its affiliates may process the personal information you have provided as  stated in our\nPrivacy  Policy\n.\nFind an Office\nFor the address and telephone number of the division or region office in your area, please select from the options below.\nLocal offices\nNational offices\nLocal offices\nNational offices\nAlabama\nBaldwin\n22500 Town Center Ave Suite 103\nSpanish Fort, AL 36527\n251-447-0329\n/office\nBirmingham\n2188 Parkway Lake Drive\nHoover, AL  35244\nMain: 205-822-1611\n/office\nHuntsville\n415-H Church Street NW\nSuite 202\nHuntsville, AL 35801\nMain: 256-513-8600\nFax : 866-384-2568\n/office\nMobile\n7856 Westside Park Drive\nSuite E\nMobile, AL 36695\nMain: 251-303-8980\n/office\nMontgomery\n80 Technacenter Drive\nSuite 100\nMontgomery, AL 36117\nMain: 334-339-6732\n/office\nArizona\nPhoenix East\n1890 South Price Road\nSuite 200\nChandler, AZ 85286\nMain: 480-791-1490\n/office\nPhoenix West\n7689 E. Pinnacle Peak Road\nSuite 200\nScottsdale, AZ 85255\nMain: 480-483-0006\n/office\nTucson\n6875 N Oracle Road\nSuite 125\nTucson, AZ 85704\nMain: 520-790-6005\n/office\nArkansas\nLittle Rock\n102 Mikah Dr\nMaumelle, AR 72113\n501-915-1803\n/office\nNW Arkansas\n5502 W Walsh Lane\nSuite 201\nRogers, AR 72758\n479-480-7863\n/office\nCalifornia\nBay Area\n3000 Executive Pkwy\nSuite 100\nSan Ramon, CA 94583\nMain: 925-225-7400\n/office\nCentral Valley\n419 W. Murray Avenue\nVisalia, CA 93291\nMain: 559-636-9850\n/office\nSacramento\n3000 Lava Ridge Ct.\nSuite 130\nRoseville, CA 95661\nMain: 916-299-5466\n/office\nSouthern California\n980 Montecito Drive\nSuite 300\nCorona , CA 92879\nMain: 951-272-9000\nFax: 951-272-9797\n/office\nColorado\nDenver\n9555 S Kingston Ct\nSuite 200\nEnglewood, CO 80112\nMain: 303-488-0061\n/office\nNorthern Colorado\n3601 Stagecoach Road\nSuite 101\nLongmont, CO 80504\nMain: 303-488-0061\n/office\nDelaware\nDelaware\n671 S. Carter Road\nSuite 6\nSmyrna, DE 19977\nMain: 302-514-0850\n/office\nFlorida\nManatee Sarasota\n5901 N. Honore Ave\nSuite 250\nSarasota, FL 34243\nMain:  941-256-7010\n/office\nMelbourne\n1430 Culver Dr. NE\nPalm Bay, FL 32907\nMain: 321-733-7972\n/office\nNorth Florida\n4220 Racetrack Rd.\nSaint Johns, FL 32256\nMain: 904-268-2845\nFax: 904-292-0523\n/office\nOrlando/Central Florida\n10192 Dowden Rd.\nOrlando, FL 32832\nMain: 407-850-5200\n/office\nOrlando West\n7835 Osceola Polk Line Road\nDavenport, FL 33896\nMain: 407-966-1960\n/office\nPanama City\n14251 Panama City Beach Pkwy\nPanama City Beach, FL 32413\nMain: 850-660-1701\n/office\nPensacola East\n406 Schubert Drive\nPensacola, FL 32504\nMain: 850-403-4727\n/office\nPensacola West\n400 Schubert Dr\nPensacola, FL 32504\nMain: 850-937-0445\n/office\nSoutheast Florida\n6123 Lyons Road\nSuite 100\nCoconut Creek, FL 33073\nMain: 954-949-3000\n/office\nSouthwest Florida\n10541 Ben C Pratt / Six Mile Cypress\nFort Myers, FL 33966\nMain: 239-225-2600\nFax: 239-225-2601\n/office\nTallahassee\n3606 Maclay Blvd.\nSuite 204\nTallahassee, FL 32312\n850-808-8240\n/office\nTampa North\n3501 Riga Blvd.\nSuite 100\nTampa, FL 33619\nMain: 813-740-9720\n/office\nWest Central Florida\n3300 SW 34th Ave\nSuite 101A\nOcala, FL 34474\nMain:  352-414-3365\n/office\nGeorgia\nAtlanta Central\n3715 Northside Parkway\nBuilding 200, Suite 300\nAtlanta, GA 30327\nMain: 770-730-7926\n/office\nAtlanta East\n1371 Dogwood Drive SW\nConyers, GA 30012\nMain: 678-509-0555\n/office\nAtlanta West\n8800 Roswell Road\nBuilding B, Suite 100\nSandy Springs, GA 30350\nMain: 770-730-7900\n/office\nAugusta - Aiken\n4234 Wheeler Road\nMartinez, GA  30907\nMain: 678-509-0555\n/office\nHawaii\nHawaii\n130 Merchant Street\nSuite 112\nHonolulu, HI 96813\nMain: 808-521-5661\n/office\nIllinois\nChicago\n1750 E. Golf Rd.\nSuite 925\nSchaumburg, IL 60173\nMain: 847-362-9100\n/office\nIndiana\nFort Wayne\n8181 W. Jefferson Blvd\nFort Wayne, IN 46804\nMain: 260-240-5060\n/office\nIndianapolis\n3665 Priority Way S. Drive\nIndianapolis, IN 46240\nMain: 317-740-3900\n/office\nIowa\nAnkeny\n2506 SW Vintage Parkway\nAnkeny, IA 50023\nMain: 515-420-1609\n/office\nKansas\nKansas City\n7400 W 132nd Street\nSuite 140\nOverland Park, KS 66213\nMain: 816-641-2044\n/office\nKentucky\nLouisville\n9627 Ormsby Station Road\nLouisville, KY 40223\nMain: 502-212-7760\n/office\nLouisiana\nBaton Rouge\n25868 Juban Rd\nDenham Springs, LA 70726\nMain: 225-304–4250\n/office\nLafayette\n101 Oak Way Lane\nLafayette, LA 70506\nMain: 337-456-5865\n/office\nMaryland\nCapital Division Office\n137 Mitchells Chance Road\nSuite 300\nEdgewater, MD 21037\nMain: 301-407-2600\n/office\nMid Atlantic Region Office\n137 Mitchells Chance Road\nSuite 400\nEdgewater, MD 21037\n/office\nMinnesota\nMinnesota\n20860 Kenbridge Ct\nSuite 100\nLakeville, MN 55044\nMain: 952-985-7272\n/office\nMississippi\nJackson\n587 Highland Colony Parkway\nRidgeland, MS 39157\nMain: 601-440-2663\n/office\nMississippi\n1641 Popps Ferry Road\nSuite B\nBiloxi, MS 39532\nMain: 228-215-1943\n/office\nNebraska\nOmaha\n1804 N 168th St\nOmaha, NE 68118\nMain: 402-807-2520\n/office\nNevada\nLas Vegas\n1081 Whitney Ranch\nHenderson, NV 89014\nMain: 702-635-3600\n/office\nReno\n5190 Neil Road\nSuite 310\nReno, NV 89502\nMain: 775-856-8450\n/office\nNew Jersey\nNew Jersey\n2040-A Briggs Road\nMount Laurel, NJ 08054\nMain: 267-520-3333\n/office\nNew Mexico\nNew Mexico\n8440 Wyoming Blvd\nSuite A\nAlbuquerque, NM 87113\nMain: 505-797-4245\nFax: 505-797-9881\n/office\nNorth Carolina\nAsheville\n80 Peachtree Road\nSuite 200\nAsheville, NC  28803\nMain: 828-482-4690\n/office\nCharlotte\n8025 Arrowridge Boulevard\nCharlotte, NC 28273\nMain: 704-377-2006\n/office\nEastern Carolina\n1609 W Arlington Blvd\nSuite 101\nGreenville, NC 27384\n/office\nGreensboro - Winston Salem\n4150 Mendenhall Oaks Parkway\nHigh Point, NC 27265\nMain: 919-460-2999\nFax: 919-468-6877\n/office\nRaleigh North\n7208 Falls of Neuse Road\nSuite 201\nRaleigh, NC 27615\n/office\nRaleigh South\n2000 Aerial Center Parkway\nSuite 110\nMorrisville, NC 27560\nMain: 919-460-2999\n/office\nWilmington\n6752 Parker Farm Drive\nSuite 210\nWilmington, NC 28405\nMain: 910-742-7946\n/office\nOhio\nCincinnati\n4705 Duke Drive\nSuite 250\nMason, OH 45040\nMain: 513-297-3460\n/office\nColumbus\n550 Polaris Parkway\nSuite 200\nWesterville, OH 43082\nMain: 614-891-8545\nFax: 614-891-8654\n/office\nOklahoma\nOklahoma City\n15509 N May Ave\nEdmond, OK 73013\nMain: 405-720-8344\nFax: 405-720-8094\n/office\nTulsa\n1430 W Kenosha St\nBroken Arrow, OK 74012\nMain: 918-818-3447\n/office\nOregon\nPortland\n4350 Galewood Street\nSuite 200\nLake Oswego, OR 97035\nMain: 503-222-4151\nFax: 503-222-3717\n/office\nPennsylvania\nCentral Pennsylvania\n4999 Louise Drive, Suite 106\nMechanicsburg, PA 17055\nMain: 267-644-3420\n/office\nEastern Pennsylvania\n489 Devon Park Drive, Suite 320\nWayne, PA 19087\nMain: 267-644-3420\n/office\nWestern Pennsylvania\n1603 Carmody Court Suite 300\nSewickley, PA 15143\n412-336-3635\n/office\nSouth Carolina\nCharleston\n2057 Wambaw Creek Road\nCharleston, SC 29492\nMain: 843-284-5000\n/office\nColumbia\n570 Chris Drive\nWest Columbia, SC 29169\nMain:803-851-0419\n/office\nGreenville\n100 Verdae Blvd\nGreenville, SC 29607\nMain: 864-757-9930\n/office\nHilton Head\n30 Silver Lake Rd\nBluffton, SC 29909\nMain: 843-706-3400\n/office\nMyrtle Beach\n4049 Belle Terre Blvd\nMyrtle Beach, SC 29579\nMain: 843-417-9048\n/office\nTennessee\nChattanooga\n1210 Premier Drive\nSuite 130\nChattanooga, TN 37421\nMain: 423-497-1380\n/office\nKnoxville\n1431 Centerpoint Blvd\nSuite 110\nKnoxville, TN 37932\nMain: 865-338-5650\n/office\nMemphis\n8295 Tournament Drive\nSuite 310\nMemphis, TN 38125\nMain: 901-805-3110\n/office\nNashville\n819 Seven Oak Blvd.\nSmyrna, TN 37167\nMain: 615-283-6000\n/office\nNortheast Tennessee\n6 Sheridan Square\nSuite 200\nKingsport, TN 37660\nMain:  865-338-5650\n/office\nTexas\nAustin\n10700 Pecan Park Blvd\nSuite 400\nAustin, TX 78750\nMain: 512-345-4663\n/office\nBrazos Valley\n1136 Southern Pointe Pkwy\nCollege Station, TX 77845\nMain: 979-393-0810\n/office\nCoastal Bend\n5337 Yorktown Blvd\nSuite 10D\nCorpus Christi, TX 78413\nMain Phone: 361-991-4710\n/office\nDFW Central\n2600 N. Central Expressway\nSuite 250\nRichardson, TX 75082 - 75080\nMain: 469-868-2700\n/office\nDFW East\n4306 Miller Road\nRowlett, TX 75088\nMain: 214-607-4244\n/office\nDFW West\n6751 North Freeway\nFort Worth, TX 76131\nMain: 817-230-0800\n/office\nHouston Central\n6750 Horton Vista Drive\nSuite 300\nRichmond, TX 77407\nMain: 832-344-5000\n/office\nHouston North\n400 Carriage Hills Blvd\nConroe, TX 77384\nMain: 936-777-6600\nFax: 936-777-6656\n/office\nHouston Southeast\n6750 Horton Vista Drive\nSuite 200\nRichmond, TX 77407\nMain: 832-344-5000\n/office\nHouston Southwest\n6744 Horton Vista Drive\nSuite 100\nRichmond, TX 77407\nMain: 281-566-2100\n/office\nKilleen - Temple - Waco\n3515 S.W. H.K. Dodgen Loop\nTemple, TX 76502\nMain: 254-778-8500\n/office\nLubbock\n4010 82nd Street\nSuite 110\nLubbock, Texas 79423\nMain: 806-425-1164\n/office\nMidland-Odessa\n13020 TX-191 Suite K\nMidland, TX 79707\nMain: 432-934-0722\n/office\nSan Antonio\n5419 N. Loop 1604 East\nSan Antonio, TX 78247\nMain: 210-496-2668\n/office\nSan Marcos\n1306 E McCarty Lane Suite 100\nSan Marcos, TX 78666\nMain: 512-805-3600\n/office\nUtah\nSalt Lake City\n12351 S Gateway Park Place\nDraper, UT 84020\nMain: 801-571-7101\n/office\nVirginia\nNorthern Virginia\n7925 Jones Branch Dr\nSuite 6200\nTysons, VA 22102\n(571) 723-0800\n/office\nSouthern Virginia\n2820 Waterford Lake Drive\nSuite 100\nMidlothian, VA 23112\nMain: 804-944-2015\n/office\nWashington\nSeattle - King County\n11241 Slater Avenue NE\nSuite 200\nKirkland, WA 98033\nMain: 425-821-3400\nFax: 800-648-2308\n/office\nPacific Ridge (Seattle)\n17921 Bothell Everett Hwy\nBothell, WA 98012\nMain: 425-438-8444\nFax: 425-438-8944\n/office\nSpokane\n1050 N. Argonne Road\nSuite 200\nSpokane Valley, WA 99212\nMain: 509-924-1519\n/office\nVancouver\n13115 NE 4th Street\nSuite 120\nVancouver, WA 98684\nMain: 360-360-2960\n/office\nWest Virginia\nWest Virginia\n137 Mitchells Chance Road\nSuite 300\nEdgewater, MD 21037\nMain: 301-407-2600\n/office\nD.R. Horton Headquarters\n1341 Horton Circle\nArlington, TX 76011\nMain: 817-390-8200\nEmail: CorporateCustomerCare @drhorton.com\n/office\nDHI Mortgage\n10700 Pecan Park Boulevard\nSuite 450\nAustin, TX 78750\nMain: 512-502-0545\n/office\nDHI Title\n10700 Pecan Park Boulevard\nSuite 450\nAustin, TX 78750\nMain: 512-502-0545\n/office\nD.R. Horton Insurance Agency\nhttp://drhortoninsurance.com\nQuote or Policy Purchase Requests:\n800-835-7602,\nExisting Policy Service (Claims, Changes or Other Inquiries)\n800-207-6187\n/office\nBaldwin\n22500 Town Center Ave Suite 103\nSpanish Fort, AL 36527\n251-447-0329\n/office\nBirmingham\n2188 Parkway Lake Drive\nHoover, AL  35244\nMain: 205-822-1611\n/office\nHuntsville\n415-H Church Street NW\nSuite 202\nHuntsville, AL 35801\nMain: 256-513-8600\nFax : 866-384-2568\n/office\nMobile\n7856 Westside Park Drive\nSuite E\nMobile, AL 36695\nMain: 251-303-8980\n/office\nMontgomery\n80 Technacenter Drive\nSuite 100\nMontgomery, AL 36117\nMain: 334-339-6732\n/office\nPhoenix East\n1890 South Price Road\nSuite 200\nChandler, AZ 85286\nMain: 480-791-1490\n/office\nPhoenix West\n7689 E. Pinnacle Peak Road\nSuite 200\nScottsdale, AZ 85255\nMain: 480-483-0006\n/office\nTucson\n6875 N Oracle Road\nSuite 125\nTucson, AZ 85704\nMain: 520-790-6005\n/office\nLittle Rock\n102 Mikah Dr\nMaumelle, AR 72113\n501-915-1803\n/office\nNW Arkansas\n5502 W Walsh Lane\nSuite 201\nRogers, AR 72758\n479-480-7863\n/office\nBay Area\n3000 Executive Pkwy\nSuite 100\nSan Ramon, CA 94583\nMain: 925-225-7400\n/office\nCentral Valley\n419 W. Murray Avenue\nVisalia, CA 93291\nMain: 559-636-9850\n/office\nSacramento\n3000 Lava Ridge Ct.\nSuite 130\nRoseville, CA 95661\nMain: 916-299-5466\n/office\nSouthern California\n980 Montecito Drive\nSuite 300\nCorona , CA 92879\nMain: 951-272-9000\nFax: 951-272-9797\n/office\nDenver\n9555 S Kingston Ct\nSuite 200\nEnglewood, CO 80112\nMain: 303-488-0061\n/office\nNorthern Colorado\n3601 Stagecoach Road\nSuite 101\nLongmont, CO 80504\nMain: 303-488-0061\n/office\nDelaware\n671 S. Carter Road\nSuite 6\nSmyrna, DE 19977\nMain: 302-514-0850\n/office\nManatee Sarasota\n5901 N. Honore Ave\nSuite 250\nSarasota, FL 34243\nMain:  941-256-7010\n/office\nMelbourne\n1430 Culver Dr. NE\nPalm Bay, FL 32907\nMain: 321-733-7972\n/office\nNorth Florida\n4220 Racetrack Rd.\nSaint Johns, FL 32256\nMain: 904-268-2845\nFax: 904-292-0523\n/office\nOrlando/Central Florida\n10192 Dowden Rd.\nOrlando, FL 32832\nMain: 407-850-5200\n/office\nOrlando West\n7835 Osceola Polk Line Road\nDavenport, FL 33896\nMain: 407-966-1960\n/office\nPanama City\n14251 Panama City Beach Pkwy\nPanama City Beach, FL 32413\nMain: 850-660-1701\n/office\nPensacola East\n406 Schubert Drive\nPensacola, FL 32504\nMain: 850-403-4727\n/office\nPensacola West\n400 Schubert Dr\nPensacola, FL 32504\nMain: 850-937-0445\n/office\nSoutheast Florida\n6123 Lyons Road\nSuite 100\nCoconut Creek, FL 33073\nMain: 954-949-3000\n/office\nSouthwest Florida\n10541 Ben C Pratt / Six Mile Cypress\nFort Myers, FL 33966\nMain: 239-225-2600\nFax: 239-225-2601\n/office\nTallahassee\n3606 Maclay Blvd.\nSuite 204\nTallahassee, FL 32312\n850-808-8240\n/office\nTampa North\n3501 Riga Blvd.\nSuite 100\nTampa, FL 33619\nMain: 813-740-9720\n/office\nWest Central Florida\n3300 SW 34th Ave\nSuite 101A\nOcala, FL 34474\nMain:  352-414-3365\n/office\nAtlanta Central\n3715 Northside Parkway\nBuilding 200, Suite 300\nAtlanta, GA 30327\nMain: 770-730-7926\n/office\nAtlanta East\n1371 Dogwood Drive SW\nConyers, GA 30012\nMain: 678-509-0555\n/office\nAtlanta West\n8800 Roswell Road\nBuilding B, Suite 100\nSandy Springs, GA 30350\nMain: 770-730-7900\n/office\nAugusta - Aiken\n4234 Wheeler Road\nMartinez, GA  30907\nMain: 678-509-0555\n/office\nHawaii\n130 Merchant Street\nSuite 112\nHonolulu, HI 96813\nMain: 808-521-5661\n/office\nChicago\n1750 E. Golf Rd.\nSuite 925\nSchaumburg, IL 60173\nMain: 847-362-9100\n/office\nFort Wayne\n8181 W. Jefferson Blvd\nFort Wayne, IN 46804\nMain: 260-240-5060\n/office\nIndianapolis\n3665 Priority Way S. Drive\nIndianapolis, IN 46240\nMain: 317-740-3900\n/office\nAnkeny\n2506 SW Vintage Parkway\nAnkeny, IA 50023\nMain: 515-420-1609\n/office\nKansas City\n7400 W 132nd Street\nSuite 140\nOverland Park, KS 66213\nMain: 816-641-2044\n/office\nLouisville\n9627 Ormsby Station Road\nLouisville, KY 40223\nMain: 502-212-7760\n/office\nBaton Rouge\n25868 Juban Rd\nDenham Springs, LA 70726\nMain: 225-304–4250\n/office\nLafayette\n101 Oak Way Lane\nLafayette, LA 70506\nMain: 337-456-5865\n/office\nCapital Division Office\n137 Mitchells Chance Road\nSuite 300\nEdgewater, MD 21037\nMain: 301-407-2600\n/office\nMid Atlantic Region Office\n137 Mitchells Chance Road\nSuite 400\nEdgewater, MD 21037\n/office\nMinnesota\n20860 Kenbridge Ct\nSuite 100\nLakeville, MN 55044\nMain: 952-985-7272\n/office\nJackson\n587 Highland Colony Parkway\nRidgeland, MS 39157\nMain: 601-440-2663\n/office\nMississippi\n1641 Popps Ferry Road\nSuite B\nBiloxi, MS 39532\nMain: 228-215-1943\n/office\nOmaha\n1804 N 168th St\nOmaha, NE 68118\nMain: 402-807-2520\n/office\nLas Vegas\n1081 Whitney Ranch\nHenderson, NV 89014\nMain: 702-635-3600\n/office\nReno\n5190 Neil Road\nSuite 310\nReno, NV 89502\nMain: 775-856-8450\n/office\nNew Jersey\n2040-A Briggs Road\nMount Laurel, NJ 08054\nMain: 267-520-3333\n/office\nNew Mexico\n8440 Wyoming Blvd\nSuite A\nAlbuquerque, NM 87113\nMain: 505-797-4245\nFax: 505-797-9881\n/office\nAsheville\n80 Peachtree Road\nSuite 200\nAsheville, NC  28803\nMain: 828-482-4690\n/office\nCharlotte\n8025 Arrowridge Boulevard\nCharlotte, NC 28273\nMain: 704-377-2006\n/office\nEastern Carolina\n1609 W Arlington Blvd\nSuite 101\nGreenville, NC 27384\n/office\nGreensboro - Winston Salem\n4150 Mendenhall Oaks Parkway\nHigh Point, NC 27265\nMain: 919-460-2999\nFax: 919-468-6877\n/office\nRaleigh North\n7208 Falls of Neuse Road\nSuite 201\nRaleigh, NC 27615\n/office\nRaleigh South\n2000 Aerial Center Parkway\nSuite 110\nMorrisville, NC 27560\nMain: 919-460-2999\n/office\nWilmington\n6752 Parker Farm Drive\nSuite 210\nWilmington, NC 28405\nMain: 910-742-7946\n/office\nCincinnati\n4705 Duke Drive\nSuite 250\nMason, OH 45040\nMain: 513-297-3460\n/office\nColumbus\n550 Polaris Parkway\nSuite 200\nWesterville, OH 43082\nMain: 614-891-8545\nFax: 614-891-8654\n/office\nOklahoma City\n15509 N May Ave\nEdmond, OK 73013\nMain: 405-720-8344\nFax: 405-720-8094\n/office\nTulsa\n1430 W Kenosha St\nBroken Arrow, OK 74012\nMain: 918-818-3447\n/office\nPortland\n4350 Galewood Street\nSuite 200\nLake Oswego, OR 97035\nMain: 503-222-4151\nFax: 503-222-3717\n/office\nCentral Pennsylvania\n4999 Louise Drive, Suite 106\nMechanicsburg, PA 17055\nMain: 267-644-3420\n/office\nEastern Pennsylvania\n489 Devon Park Drive, Suite 320\nWayne, PA 19087\nMain: 267-644-3420\n/office\nWestern Pennsylvania\n1603 Carmody Court Suite 300\nSewickley, PA 15143\n412-336-3635\n/office\nCharleston\n2057 Wambaw Creek Road\nCharleston, SC 29492\nMain: 843-284-5000\n/office\nColumbia\n570 Chris Drive\nWest Columbia, SC 29169\nMain:803-851-0419\n/office\nGreenville\n100 Verdae Blvd\nGreenville, SC 29607\nMain: 864-757-9930\n/office\nHilton Head\n30 Silver Lake Rd\nBluffton, SC 29909\nMain: 843-706-3400\n/office\nMyrtle Beach\n4049 Belle Terre Blvd\nMyrtle Beach, SC 29579\nMain: 843-417-9048\n/office\nChattanooga\n1210 Premier Drive\nSuite 130\nChattanooga, TN 37421\nMain: 423-497-1380\n/office\nKnoxville\n1431 Centerpoint Blvd\nSuite 110\nKnoxville, TN 37932\nMain: 865-338-5650\n/office\nMemphis\n8295 Tournament Drive\nSuite 310\nMemphis, TN 38125\nMain: 901-805-3110\n/office\nNashville\n819 Seven Oak Blvd.\nSmyrna, TN 37167\nMain: 615-283-6000\n/office\nNortheast Tennessee\n6 Sheridan Square\nSuite 200\nKingsport, TN 37660\nMain:  865-338-5650\n/office\nAustin\n10700 Pecan Park Blvd\nSuite 400\nAustin, TX 78750\nMain: 512-345-4663\n/office\nBrazos Valley\n1136 Southern Pointe Pkwy\nCollege Station, TX 77845\nMain: 979-393-0810\n/office\nCoastal Bend\n5337 Yorktown Blvd\nSuite 10D\nCorpus Christi, TX 78413\nMain Phone: 361-991-4710\n/office\nDFW Central\n2600 N. Central Expressway\nSuite 250\nRichardson, TX 75082 - 75080\nMain: 469-868-2700\n/office\nDFW East\n4306 Miller Road\nRowlett, TX 75088\nMain: 214-607-4244\n/office\nDFW West\n6751 North Freeway\nFort Worth, TX 76131\nMain: 817-230-0800\n/office\nHouston Central\n6750 Horton Vista Drive\nSuite 300\nRichmond, TX 77407\nMain: 832-344-5000\n/office\nHouston North\n400 Carriage Hills Blvd\nConroe, TX 77384\nMain: 936-777-6600\nFax: 936-777-6656\n/office\nHouston Southeast\n6750 Horton Vista Drive\nSuite 200\nRichmond, TX 77407\nMain: 832-344-5000\n/office\nHouston Southwest\n6744 Horton Vista Drive\nSuite 100\nRichmond, TX 77407\nMain: 281-566-2100\n/office\nKilleen - Temple - Waco\n3515 S.W. H.K. Dodgen Loop\nTemple, TX 76502\nMain: 254-778-8500\n/office\nLubbock\n4010 82nd Street\nSuite 110\nLubbock, Texas 79423\nMain: 806-425-1164\n/office\nMidland-Odessa\n13020 TX-191 Suite K\nMidland, TX 79707\nMain: 432-934-0722\n/office\nSan Antonio\n5419 N. Loop 1604 East\nSan Antonio, TX 78247\nMain: 210-496-2668\n/office\nSan Marcos\n1306 E McCarty Lane Suite 100\nSan Marcos, TX 78666\nMain: 512-805-3600\n/office\nSalt Lake City\n12351 S Gateway Park Place\nDraper, UT 84020\nMain: 801-571-7101\n/office\nNorthern Virginia\n7925 Jones Branch Dr\nSuite 6200\nTysons, VA 22102\n(571) 723-0800\n/office\nSouthern Virginia\n2820 Waterford Lake Drive\nSuite 100\nMidlothian, VA 23112\nMain: 804-944-2015\n/office\nSeattle - King County\n11241 Slater Avenue NE\nSuite 200\nKirkland, WA 98033\nMain: 425-821-3400\nFax: 800-648-2308\n/office\nPacific Ridge (Seattle)\n17921 Bothell Everett Hwy\nBothell, WA 98012\nMain: 425-438-8444\nFax: 425-438-8944\n/office\nSpokane\n1050 N. Argonne Road\nSuite 200\nSpokane Valley, WA 99212\nMain: 509-924-1519\n/office\nVancouver\n13115 NE 4th Street\nSuite 120\nVancouver, WA 98684\nMain: 360-360-2960\n/office\nWest Virginia\n137 Mitchells Chance Road\nSuite 300\nEdgewater, MD 21037\nMain: 301-407-2600\n/office\nD.R. Horton Headquarters\n1341 Horton Circle\nArlington, TX 76011\nMain: 817-390-8200\nEmail: CorporateCustomerCare @drhorton.com\n/office\nDHI Mortgage\n10700 Pecan Park Boulevard\nSuite 450\nAustin, TX 78750\nMain: 512-502-0545\n/office\nDHI Title\n10700 Pecan Park Boulevard\nSuite 450\nAustin, TX 78750\nMain: 512-502-0545\n/office\nD.R. Horton Insurance Agency\nhttp://drhortoninsurance.com\nQuote or Policy Purchase Requests:\n800-835-7602,\nExisting Policy Service (Claims, Changes or Other Inquiries)\n800-207-6187\n/office",
      "emails": []
    }
  ],
  "all_links": [
    "http://www.drhorton.com/indiana/fort-wayne",
    "http://www.drhorton.com/texas/houston",
    "http://www.drhorton.com/kentucky/louisville",
    "http://www.drhorton.com/georgia/middle-georgia",
    "http://www.drhorton.com/oregon/willamette-valley",
    "http://www.drhorton.com/washington/south-washington",
    "http://www.drhorton.com/north-carolina/eastern-north-carolina",
    "http://www.drhorton.com/iowa",
    "http://www.drhorton.com/mississippi/hattiesburg",
    "http://www.drhorton.com/north-carolina/northeastern-north-carolina",
    "http://www.drhorton.com/florida/northwest-florida",
    "http://www.drhorton.com/kentucky/southern-kentucky",
    "http://www.drhorton.com/minnesota/minneapolis",
    "http://www.drhorton.com/north-carolina/charlotte",
    "http://www.drhorton.com/mississippi/gulf-coast",
    "http://www.drhorton.com/kentucky/lexington-area",
    "http://www.drhorton.com/texas/new-braunfels",
    "http://www.drhorton.com/pennsylvania/central-pennsylvania",
    "http://www.drhorton.com/florida/east-florida/west-melbourne",
    "http://www.drhorton.com/epa-consent-decree",
    "http://www.drhorton.com/tennessee/morristown",
    "http://www.drhorton.com/oregon/southern-willamette-valley",
    "http://www.drhorton.com/indiana",
    "http://www.drhorton.com/florida/west-central-florida",
    "http://www.drhorton.com/utah/salt-lake-city",
    "http://www.drhorton.com/tennessee/chattanooga",
    "http://www.drhorton.com/virginia/richmond",
    "http://www.drhorton.com/nebraska/omaha",
    "http://www.drhorton.com/alabama/birmingham",
    "http://www.drhorton.com/california/los-angeles",
    "http://www.drhorton.com/florida/orange-county",
    "http://www.drhorton.com/hawaii",
    "http://www.drhorton.com/texas/abilene",
    "http://www.drhorton.com/delaware/delaware",
    "http://www.drhorton.com/arkansas/northwest-arkansas",
    "http://www.drhorton.com/oregon/central-oregon",
    "http://www.drhorton.com/kentucky",
    "http://www.drhorton.com/illinois/chicago",
    "http://www.drhorton.com/mississippi",
    "http://www.drhorton.com/missouri",
    "http://www.drhorton.com/georgia/atlanta",
    "http://www.drhorton.com/mississippi/jackson",
    "http://www.drhorton.com/oklahoma/oklahoma-city",
    "http://www.drhorton.com/idaho/northern-idaho",
    "http://www.drhorton.com/wisconsin/southeast-wisconsin",
    "http://www.drhorton.com/mississippi/north-mississippi",
    "http://www.drhorton.com/south-carolina/aiken",
    "http://www.drhorton.com/louisiana/new-orleans-area",
    "http://www.drhorton.com/services",
    "http://www.drhorton.com/south-carolina/greenville",
    "http://www.drhorton.com/texas/beaumont",
    "http://www.drhorton.com/washington/tri-cities",
    "http://www.drhorton.com/tennessee/north-east-tennessee",
    "http://www.drhorton.com/illinois",
    "http://www.drhorton.com/new-jersey",
    "http://www.drhorton.com/real-estate-agents",
    "http://www.drhorton.com/washington/north-sound",
    "http://www.drhorton.com/new-jersey/new-jersey",
    "http://www.drhorton.com/contact-us-page",
    "http://www.drhorton.com/california/san-diego",
    "http://www.drhorton.com/texas",
    "http://www.drhorton.com/colorado/northern-colorado",
    "http://www.drhorton.com/south-carolina/charleston",
    "http://www.drhorton.com/who-we-are",
    "http://www.drhorton.com/texas/san-antonio",
    "http://www.drhorton.com/arkansas/northeast-arkansas",
    "http://www.drhorton.com/louisiana/lake-charles-lafayette",
    "http://www.drhorton.com/oregon/greater-portland",
    "http://www.drhorton.com/nevada/las-vegas",
    "http://www.drhorton.com/missouri/kansas-city-area",
    "http://www.drhorton.com/tennessee/knoxville",
    "http://www.drhorton.com/florida/osceola-county",
    "http://www.drhorton.com/florida/panama-city",
    "http://www.drhorton.com/",
    "http://www.drhorton.com/texas/lubbock",
    "http://www.drhorton.com/ohio/cincinnati",
    "http://www.drhorton.com/louisiana",
    "http://www.drhorton.com/california/palm-springs",
    "http://www.drhorton.com/alabama/huntsville",
    "http://www.drhorton.com/arizona/phoenix",
    "http://www.drhorton.com/kansas",
    "http://www.drhorton.com/washington",
    "http://www.drhorton.com/california/sacramento",
    "http://www.drhorton.com/west-virginia/northern-west-virginia",
    "http://www.drhorton.com/colorado",
    "http://www.drhorton.com/customer-care",
    "http://www.drhorton.com/smart-home",
    "http://www.drhorton.com/florida",
    "http://www.drhorton.com/washington/central-washington",
    "http://www.drhorton.com/ohio",
    "http://www.drhorton.com/alabama/baldwin-county",
    "http://www.drhorton.com/new-mexico/albuquerque",
    "http://www.drhorton.com/texas/killeen-temple-waco",
    "http://www.drhorton.com/hawaii/oahu",
    "http://www.drhorton.com/ohio/columbus",
    "http://www.drhorton.com/north-carolina",
    "http://www.drhorton.com/tennessee/south-central-tennessee",
    "http://www.drhorton.com/california/victorville",
    "http://www.drhorton.com/washington/spokane",
    "http://www.drhorton.com/maryland/washington-dc-area",
    "http://www.drhorton.com/iowa/eastern-iowa",
    "http://www.drhorton.com/minnesota",
    "http://www.drhorton.com/north-carolina/fayetteville",
    "http://www.drhorton.com/maryland",
    "http://www.drhorton.com/pennsylvania/pittsburgh-area",
    "http://www.drhorton.com/pennsylvania/lehigh-valley",
    "http://www.drhorton.com/louisiana/hammond-ponchatoula",
    "http://www.drhorton.com/oklahoma/tulsa",
    "http://www.drhorton.com/kansas/kansas-city-area",
    "http://www.drhorton.com/rentals/rentalinvestor",
    "http://www.drhorton.com/utah/st-george",
    "http://www.drhorton.com/ohio/dayton-area",
    "http://www.drhorton.com/georgia/southern-georgia",
    "http://www.drhorton.com/texas/dallas",
    "http://www.drhorton.com/oregon",
    "http://www.drhorton.com/florida/tallahassee",
    "http://www.drhorton.com/south-carolina/hilton-head",
    "http://www.drhorton.com/iowa/des-moines",
    "http://www.drhorton.com/wisconsin/madison",
    "http://www.drhorton.com/florida/manatee-sarasota",
    "http://www.drhorton.com/florida/tampa",
    "http://www.drhorton.com/alabama/tuscaloosa",
    "http://www.drhorton.com/louisiana/northshore",
    "http://www.drhorton.com/florida/lake-county",
    "http://www.drhorton.com/south-carolina",
    "http://www.drhorton.com/indiana/southern-indiana",
    "http://www.drhorton.com/alabama/auburn-opelika",
    "http://www.drhorton.com/pennsylvania/philadelphia-area",
    "http://www.drhorton.com/texas/coastal-bend",
    "http://www.drhorton.com/south-carolina/florence",
    "http://www.drhorton.com/california",
    "http://www.drhorton.com/oklahoma",
    "http://www.drhorton.com/texas/brazos-valley",
    "http://www.drhorton.com/maryland/maryland-eastern-shore",
    "http://www.drhorton.com/north-carolina/carolina-shores",
    "https://customerportal.drhorton.com/myStory",
    "http://www.drhorton.com/tennessee/nashville",
    "http://www.drhorton.com/district-of-columbia/washington-dc-area",
    "http://www.drhorton.com/florida/southwest-florida",
    "http://www.drhorton.com/west-virginia",
    "http://www.drhorton.com/arizona/tucson",
    "http://www.drhorton.com/tennessee",
    "http://www.drhorton.com/south-carolina/columbia",
    "http://www.drhorton.com/virginia",
    "http://www.drhorton.com/tennessee/memphis",
    "http://www.drhorton.com/texas/austin",
    "http://www.drhorton.com/south-carolina/myrtle-beach",
    "http://www.drhorton.com/alabama/southeast-alabama",
    "http://www.drhorton.com/careers",
    "http://www.drhorton.com/delaware",
    "http://www.drhorton.com/south-carolina/south-carolina-charlotte",
    "http://www.drhorton.com/florida/seminole-county",
    "http://www.drhorton.com/idaho",
    "http://www.drhorton.com/district-of-columbia",
    "http://www.drhorton.com/north-carolina/wilmington",
    "http://www.drhorton.com/colorado/southeast-denver",
    "http://www.drhorton.com/louisiana/baton-rouge",
    "http://www.drhorton.com/georgia/savannah",
    "http://www.drhorton.com/texas/san-marcos",
    "http://www.drhorton.com/florida/polk-county",
    "http://www.drhorton.com/nevada/reno",
    "http://www.drhorton.com/arkansas",
    "http://www.drhorton.com/texas/midland-odessa",
    "http://www.drhorton.com/west-virginia/eastern-panhandle",
    "http://www.drhorton.com/warranty",
    "http://www.drhorton.com/california/inland-empire",
    "http://www.drhorton.com/new-mexico",
    "http://www.drhorton.com/louisiana/alexandria",
    "http://www.drhorton.com/virginia/charlottesville",
    "http://www.drhorton.com/north-carolina/raleigh-durham",
    "http://www.drhorton.com/georgia",
    "http://www.drhorton.com/washington/south-sound",
    "http://www.drhorton.com/indiana/indianapolis",
    "http://www.drhorton.com/georgia/brunswick",
    "http://www.drhorton.com/california/central-valley",
    "http://www.drhorton.com/oregon/southern-oregon",
    "http://www.drhorton.com/alabama",
    "http://www.drhorton.com/nebraska",
    "http://www.drhorton.com/georgia/augusta",
    "http://www.drhorton.com/military-benefits",
    "http://www.drhorton.com/texas/east-texas",
    "http://www.drhorton.com/texas/fort-worth",
    "http://www.drhorton.com/virginia/southern-virginia",
    "http://www.drhorton.com/north-carolina/greensboro-winston-salem",
    "http://www.drhorton.com/florida/volusia-county",
    "http://www.drhorton.com/alabama/montgomery",
    "http://www.drhorton.com/indiana/northwest-indiana",
    "http://www.drhorton.com/florida/east-florida",
    "http://www.drhorton.com/nevada",
    "http://www.drhorton.com/rental-homes",
    "http://www.drhorton.com/colorado/denver",
    "http://www.drhorton.com/alabama/mobile",
    "http://www.drhorton.com/washington/greater-seattle",
    "http://www.drhorton.com/arkansas/central-arkansas",
    "https://investor.drhorton.com/",
    "http://www.drhorton.com/florida/north-florida",
    "http://www.drhorton.com/georgia/north-georgia",
    "http://www.drhorton.com/florida/southeast-florida",
    "http://www.drhorton.com/california/bay-area",
    "http://www.drhorton.com/pennsylvania",
    "http://www.drhorton.com/north-carolina/asheville",
    "http://www.drhorton.com/virginia/northern-virginia",
    "http://www.drhorton.com/arizona",
    "http://www.drhorton.com/colorado/colorado-springs",
    "http://www.drhorton.com/wisconsin",
    "http://www.drhorton.com/utah"
  ],
  "candidate_links": [
    "http://www.drhorton.com/contact-us-page"
  ],
  "visited": [
    "http://www.drhorton.com/Florida/East-Florida/West-Melbourne/Freedom-The-Savannahs",
    "http://www.drhorton.com/about",
    "http://www.drhorton.com/contact",
    "http://www.drhorton.com/staff",
    "http://www.drhorton.com/team",
    "http://www.drhorton.com/board",
    "http://www.drhorton.com/directory",
    "http://www.drhorton.com/events",
    "http://www.drhorton.com/sitemap.xml",
    "http://www.drhorton.com/council",
    "http://www.drhorton.com/leadership",
    "http://www.drhorton.com/management",
    "http://www.drhorton.com/producers",
    "http://www.drhorton.com/support",
    "http://www.drhorton.com/crew",
    "http://www.drhorton.com/members",
    "http://www.drhorton.com/bios",
    "http://www.drhorton.com/people",
    "http://www.drhorton.com/artists",
    "http://www.drhorton.com/musicians",
    "http://www.drhorton.com/faculty",
    "http://www.drhorton.com/administration",
    "http://www.drhorton.com/contact-us-page"
  ],
  "base_url": "http://www.drhorton.com/Florida/East-Florida/West-Melbourne/Freedom-The-Savannahs"
}