{
  "pages": [
    {
      "url": "https://mellowmushroom.com/contact-us",
      "is_candidate": false,
      "has_email": false,
      "text": "Contact Us\nStore Experience\nSubmit Feedback\nEmployment\nCareers\nNutrition\nNutrition Info\nTechnical Issues\nTechnical Feedback\nContact a Restaurant Directly\nAlabama\nAuburn\n128 N College St, Auburn, AL, 36830\n(334) 887-6356\nBirmingham\n1200 20th St S, Birmingham, AL, 35205\n(205) 212-9420\nHoover\n920 Inverness Cors, Birmingham, AL, 35242\n(205) 981-9914\nDaphne\n29698 Frederick Blvd, Daphne, AL, 36526\n(251) 621-3911\nDecatur\n202 Moulton St E, Decatur, AL, 35601\n(256) 355-5161\nEnterprise\n1110 Boll Weevil Cir, Enterprise, AL, 36330\n(334) 308-1711\nFoley\n2303 S McKenzie St, Foley, AL, 36535\n(251) 970-1414\nHuntsville - Jones Valley\n2230 Cecil Ashburn Dr SE, Huntsville, AL, 35802\n(256) 883-0232\nHuntsville - Providence\n470 Providence Main St NW, Huntsville, AL, 35806\n(256) 864-2727\nMobile\n5660 Old Shell Rd, Mobile, AL, 36608\n(251) 380-1500\nOxford - Anniston\n33 Industrial Dr, Oxford, AL, 36203\n(256) 835-1444\nPike Road\n9559 Vaughn Road, Pike Road, AL, 36064\n(334) 593-7070\nTuscaloosa\n557 20th Avenue, Tuscaloosa, AL, 35401\n(205) 710-2187\nArkansas\nFayetteville\n1460 E Augustine Ln, Fayetteville, AR, 72703\n(479) 521-1001\nArizona\nMesa\n1665 South Stapley Drive, Mesa, AZ, 85204\n(480) 892-1399\nHigh Street (formerly City North)\n5350 E High St, Phoenix, AZ, 85054\n(480) 889-0999\nPhoenix\n2490 W Happy Valley Rd, Phoenix, AZ, 85085\n(623) 580-1111\nFlorida\nBrandon\n10959 Causeway Blvd, Brandon, FL, 33511\n(813) 685-1122\nCape Coral\n53 NE Pine Island Road, Cape Coral, FL, 33909\n(239) 539-2099\nClearwater\n2630 Gulf To Bay Blvd, Clearwater, FL, 33759\n(727) 723-2000\nFleming Island\n1800 Town Center Blvd, Fleming Island, FL, 32003\n(904) 541-1999\nEstero\n10950 Eagle Village Drive, Fort Myers, FL, 33913\n(239) 599-2616\nFort Myers\n6911 Daniels Parkway, Fort Myers, FL, 33912\n(239) 215-0500\nJacksonville - Avondale\n3611 Saint Johns Ave, Jacksonville, FL, 32205\n(904) 388-0200\nJacksonville - River City\n15170 Max Leggett Pkwy, Jacksonville, FL, 32218\n(904) 757-8843\nJacksonville - Town Center\n9734 Deer Lake Ct, Jacksonville, FL, 32246\n(904) 997-1955\nJacksonville Beach\n1018-2 3rd St N, Jacksonville Beach, FL, 32250\n(904) 241-5600\nLakeland\n3555 Lakeland Highlands Rd, Lakeland, FL, 33803\n(863) 825-6000\nWesley Chapel\n25662 Sierra Center Boulevard, Lutz, FL, 33559\n(813) 948-7337\nMount Dora\n18221 US Highway 441, Mount Dora, FL, 32757\n(352) 735-8257\nOcala\n2 W Fort King Street, Ocala, FL, 34471\n(352) 421-5098\nOrlando\n11680 E Colonial Dr, Orlando, FL, 32817\n(407) 384-4455\nOrlando - International Drive\n10725 International Dr, Orlando, FL, 32821\n(407) 351-9670\nPensacola\n5175 Bayou Blvd, Pensacola, FL, 32503\n(850) 475-7575\nSt. Augustine\n410 Anastasia Blvd, Saint Augustine, FL, 32080\n(904) 826-4040\nSanford\n1831 Rinehart Rd, Sanford, FL, 32771\n(407) 321-4827\nSarasota\n6727 S. Tamiami Trail, Sarasota, FL, 34231\n(941) 388-7504\nSt. Augustine - Murabella\n5330 FL-16, St. Augustine, FL, 32092\n(904) 788-7900\nDurbin Park\n295 Durbin Pavilion Drive, St. Johns, FL, 32259\n(904) 439-7575\nWinter Park\n2015 Aloma Ave, Winter Park, FL, 32792\n(407) 657-7755\nGeorgia\nAcworth\n6121 Cedarcrest Rd NW, Acworth, GA, 30101\n(678) 402-6009\nAlbany\n2825 Nottingham Way, Albany, GA, 31707\n(229) 888-4646\nAlpharetta - Milton\n3070 Windward Plz, Alpharetta, GA, 30005\n(678) 566-7888\nAthens\n320 E Clayton St, Athens, GA, 30601\n(706) 613-0892\nAtlanta - Brookhaven\n4058 Peachtree Rd NE, Atlanta, GA, 30319\n(404) 266-1661\nAtlanta - Buckhead\n1770 Peachtree St NW, Atlanta, GA, 30309\n(404) 687-4766\nAtlanta - Emory\n1679 Lavista Rd NE, Atlanta, GA, 30329\n(404) 325-0330\nAtlanta - Grant Park\n1015 Boulevard Southeast, Atlanta, GA, 30312\n(470) 521-3953\nAtlanta - Midtown\n931 Monroe Dr NE, Atlanta, GA, 30308\n(404) 874-2291\nAtlanta - Vinings\n2950 New Paces Ferry Rd SE, Atlanta, GA, 30339\n(770) 435-5949\nDowntown Atlanta\n400 West Peachtree St, Atlanta, GA, 30308\n(404) 577-1001\nAugusta\n1102 Broad St, Augusta, GA, 30901\n(706) 828-5578\nCartersville\n28 S Wall St, Cartersville, GA, 30120\n(470) 227-7049\nCollege Park\n1477 Virginia Ave, College Park, GA, 30337\n(404) 748-1844\nColumbus\n6100 Veterans Pkwy, Columbus, GA, 31909\n(706) 322-4602\nConyers\n1880 Highway 20 SE, Conyers, GA, 30013\n(770) 761-4500\nCumming\n410 Peachtree Pkwy, Cumming, GA, 30041\n(770) 888-8885\nDawsonville\n229 Blue Ridge Parkway, Dawsonville, GA, 30534\n(706) 600-7777\nDecatur\n340 West Ponce De Leon Avenue, Decatur, GA, 30030\n(404) 748-9612\nDunwoody\n5575 Chamblee Dunwoody Rd, Dunwoody, GA, 30338\n(770) 396-1696\nLake Oconee\n105 Harmony Xing, Eatonton, GA, 31024\n(706) 484-2074\nEvans\n4348 Washington Rd, Evans, GA, 30809\n(706) 364-6756\nGainesville\n700 Green St NE, Gainesville, GA, 30501\n(770) 531-1500\nHiram\n5157 Jimmy Lee Smith Pkwy, Hiram, GA, 30141\n(770) 222-1943\nJohns Creek\n6000 Medlock Bridge Pkwy, Johns Creek, GA, 30022\n(770) 813-0818\nKennesaw\n1133 Chastain Rd NW, Kennesaw, GA, 30144\n(770) 426-9900\nMacon\n5425 Bowman Rd, Macon, GA, 31210\n(478) 254-6789\nMarietta - Johnson Ferry\n1205 Johnson Ferry Road, Marietta, GA, 30068\n(770) 809-0844\nMarietta - Powers Ferry\n2000 Powers Ferry Rd SE, Marietta, GA, 30067\n(770) 933-8584\nMarietta - Shallowford\n2421 Shallowford Rd, Marietta, GA, 30066\n(770) 516-1500\nMarietta - West Cobb\n3805 Dallas Highway SW, Marietta, GA, 30064\n(470) 632-0999\nPeachtree City\n275 Highway 74 N, Peachtree City, GA, 30269\n(770) 632-6018\nPooler\n409 Pooler Pkwy, Pooler, GA, 31322\n(912) 330-7133\nRome\n238 Broad St, Rome, GA, 30161\n(706) 234-9000\nRoswell\n935 Woodstock Rd, Roswell, GA, 30075\n(770) 645-8383\nSt. Simons Island\n440 Kings Way, Saint Simons Island, GA, 31522\n(912) 291-9108\nSandy Springs\n6100 Roswell Rd, Sandy Springs, GA, 30328\n(404) 252-5560\nSavannah\n11 W Liberty St, Savannah, GA, 31401\n(912) 298-7211\nSnellville\n2000 Main St E, Snellville, GA, 30078\n(770) 736-9396\nStatesboro\n1098 Bermuda Run, Statesboro, GA, 30458\n(912) 681-4743\nStockbridge\n1410 Hudson Bridge Rd, Stockbridge, GA, 30281\n(678) 565-3966\nSuwanee\n320 Town Center Ave, Suwanee, GA, 30024\n(678) 714-2233\nTucker\n4135 Lavista Rd, Tucker, GA, 30084\n(770) 491-6112\nValdosta\n1526 Baytree Rd, Valdosta, GA, 31601\n(229) 333-1891\nWarner Robins\n710 Lake Joy Rd, Warner Robins, GA, 31088\n(478) 287-6355\nWoodstock\n2370 Towne Lake Pkwy, Woodstock, GA, 30189\n(770) 591-3331\nIndiana\nCarmel\n2340 E 116th St, Carmel, IN, 46032\n(317) 846-2400\nKentucky\nBowling Green\n1035 Chestnut St, Bowling Green, KY, 42101\n(270) 393-1800\nOwensboro\n101 W 2nd St, Owensboro, KY, 42303\n(270) 684-7800\nPaducah\n3121 Broadway, Paducah, KY, 42001\n(270) 933-1040\nSomerset\n2520 Monticello St, Somerset, KY, 42503\n(606) 416-5146\nWilder\n1014 Town Dr, Wilder, KY, 41076\n(859) 441-6600\nMissouri\nBranson\n333 Branson Landing Blvd., Branson, MO, 65616\n(417) 320-5082\nChesterfield\n15525 Olive Blvd, Chesterfield, MO, 63017\n(636) 778-9376\nSt Peters\n4716 Mid Rivers Mall Dr, Cottleville, MO, 63376\n(636) 477-6001\nSt. Louis\n3811 S Lindbergh Blvd, Sunset Hills, MO, 63127\n(314) 473-1135\nNorth Carolina\nAsheville\n50 Broadway St, Asheville, NC, 28801\n(828) 236-9800\nBlowing Rock\n946 Main St, Blowing Rock, NC, 28605\n(828) 295-3399\nBoone\n805 W King St, Boone, NC, 28607\n(828) 865-1515\nBurlington\n767 Huffman Mill Rd, Burlington, NC, 27215\n(336) 584-1104\nCary\n4300 NW Cary Pkwy, Cary, NC, 27513\n(919) 463-7779\nCharlotte - Ballantyne\n14835 Ballantyne Village Way, Charlotte, NC, 28277\n(704) 369-5300\nCharlotte-Uptown\n255 W Martin Luther King Jr Blvd, Charlotte, NC, 28202\n(704) 371-4725\nDurham\n410 Blackwell St, Durham, NC, 27701\n(919) 680-8500\nFayetteville\n301 N McPherson Church Rd, Fayetteville, NC, 28303\n(910) 779-2442\nGreensboro\n609 S Elm St, Greensboro, NC, 27406\n(336) 235-2840\nGreenville\n2020 Charles Blvd, Greenville, NC, 27858\n(252) 565-8220\nHickory\n1185 Lenoir Rhyne Blvd SE, Hickory, NC, 28602\n(828) 322-8491\nHolly Springs\n128 Collins Crossing Road, Holly Springs, NC, 27540\n(919) 346-1100\nBrier Creek\n9600 Brier Creek Parkway, Raleigh, NC, 27617\n(984) 888-0513\nRaleigh\n601 W Peace St, Raleigh, NC, 27605\n(919) 832-3499\nWake Forest\n2125 S Main St, Wake Forest, NC, 27587\n(919) 556-8884\nWilmington\n4311 Oleander Dr, Wilmington, NC, 28403\n(910) 452-3773\nWilmington - Downtown\n208 N Water Street, Wilmington, NC, 28401\n(910) 769-6688\nWinston-Salem\n314 W 4th St, Winston-Salem, NC, 27101\n(336) 245-2820\nWrightsville Beach\n224 Causeway Dr, Wrightsville Beach, NC, 28480\n(910) 679-4645\nNebraska\nLincoln\n601 R St, Lincoln, NE, 68508\n(402) 261-3362\nOhio\nNew Albany\n260 Market St, New Albany, OH, 43054\n(614) 245-4234\nRocky River\n19333 Detroit Rd, Rocky River, OH, 44116\n(440) 356-7171\nWest Chester\n9238 Floer Dr, West Chester Township, OH, 45069\n(513) 860-0888\nSouth Carolina\nAiken\n151 Bee Ln, Aiken, SC, 29801\n(803) 474-8454\nBluffton\n878 Fording Island Rd, Bluffton, SC, 29910\n(843) 706-0800\nCharleston - West Ashley\n19 Magnolia Rd, Charleston, SC, 29407\n(843) 747-4992\nClemson\n1007 Tiger Blvd, Clemson, SC, 29631\n(864) 718-5062\nColumbia\n1009 Gervais St, Columbia, SC, 29201\n(803) 933-9201\nFlorence\n120 Dunbarton Dr, Florence, SC, 29501\n(843) 407-1442\nGreenville\n1 Augusta St, Greenville, SC, 29601\n(864) 233-9020\nHilton Head Island\n33 Office Park Rd, Hilton Head Island, SC, 29928\n(843) 686-2474\nLexington\n5364 Sunset Blvd, Lexington, SC, 29072\n(803) 359-0778\nMount Pleasant\n3110 N Highway 17, Mount Pleasant, SC, 29466\n(843) 881-4743\nMurrells Inlet\n3280 U.S. 17, Murrells Inlet, SC, 29576\n(843) 651-0909\nMyrtle Beach\n1571 21st Ave N, Myrtle Beach, SC, 29577\n(843) 444-1122\nNorth Charleston\n4855 Tanger Outlet Blvd, North Charleston, SC, 29418\n(843) 790-9000\nNorth Myrtle Beach\n1101 Highway 17 North, North Myrtle Beach, SC, 29582\n(843) 273-0595\nTennessee\nChattanooga\n205 Broad St, Chattanooga, TN, 37402\n(423) 266-5564\nChattanooga - Hamilton Place\n2318 Lifestyle Way, Chattanooga, TN, 37421\n(423) 468-3737\nFarragut\n635 N Campbell Station Rd, Farragut, TN, 37934\n(865) 777-6768\nFranklin\n317 Main St, Franklin, TN, 37064\n(615) 628-0181\nGatlinburg\n903 Parkway, Gatlinburg, TN, 37738\n(865) 277-0600\nGermantown\n9155 Poplar Avenue, Germantown, TN, 38138\n(901) 907-0243\nJohnson City\n2929 N Roan St, Johnson City, TN, 37601\n(423) 928-6356\nKnoxville\n2109 Cumberland Ave, Knoxville, TN, 37916\n(865) 687-4766\nNashville on Broadway / Downtown Nashville\n423 Broadway, Nashville, TN, 37203\n(615) 454-4990\nPigeon Forge\n2485 Parkway, Pigeon Forge, TN, 37863\n(865) 286-2229\nPigeon Forge Island\n131 Island Dr, Pigeon Forge, TN, 37863\n(865) 286-3800\nTexas\nArlington\n200 N Center St, Arlington, TX, 76011\n(817) 274-7173\nBeaumont\n4375 Dowlen Road, Beaumont, TX, 77706\n(409) 347-6469\nFort Worth\n3455 Blue Bonnet Cir, Fort Worth, TX, 76109\n(817) 207-9677\nMcKinney\n218 E Louisiana St, McKinney, TX, 75069\n(972) 548-2800\nSan Antonio\n115 N Loop 1604 E, San Antonio, TX, 78232\n(210) 370-9219\nVirginia\nBlacksburg\n207 S Main St, Blacksburg, VA, 24060\n(540) 605-7074\nBristol\n3500 Lee Hwy, Bristol, VA, 24202\n(276) 644-3663\nChantilly\n14335 Newbrook Drive, Chantilly, VA, 20151\n(703) 480-1295\nCharlottesville\n1321 W Main St, Charlottesville, VA, 22903\n(434) 972-9366\nFredericksburg\n609 William Street, Fredericksburg, VA, 22401\n(540) 997-3033\nShort Pump\n12171 West Broad Street, Henrico, VA, 23233\n(804) 364-3111\nLynchburg\n1220 Greenview Drive, Lynchburg, VA, 24502\n(434) 455-3297\nMidlothian\n1409 Huguenot Road, Midlothian, VA, 23113\n(804) 594-0100\nNewport News\n12090 Jefferson Ave., Newport News, VA, 23606\n(757) 931-1700\nRichmond - Carytown\n3012 W Cary St, Richmond, VA, 23221\n(804) 370-8210\nRoanoke\n2239 Franklin Road Southwest, Roanoke, VA, 24014\n(540) 512-9822\nVirginia Beach\n3501 Atlantic Avenue, Virginia Beach, VA, 23451\n(757) 916-8900\nWilliamsburg\n110 S Henry Street, Williamsburg, VA, 23185\n(757) 903-4762",
      "emails": []
    }
  ],
  "all_links": [
    "https://mellowmushroom.com/franchising",
    "https://mellowmushroom.com/food-philosophy",
    "https://mellowmushroom.com/contact-us",
    "https://mellowmushroom.com/menu",
    "https://mellowmushroom.com/order",
    "https://mellowmushroom.com/catering",
    "https://mellowmushroom.com/locations",
    "https://mellowmushroom.com/",
    "https://mellowmushroom.com/gluten-free",
    "https://mellowmushroom.com/beverages",
    "https://mellowmushroom.com/account/signup",
    "https://mellowmushroom.com/privacy-policy",
    "https://mellowmushroom.com/careers",
    "https://mellowmushroom.com/vegan",
    "https://mellowmushroom.com/our-story"
  ],
  "candidate_links": [
    "https://mellowmushroom.com/contact-us"
  ],
  "visited": [
    "https://mellowmushroom.com/location/fl-jacksonville-beach-1018-2-3rd-st-n-32250/?utm_source=gmb&utm_medium=organic&utm_campaign=JacksonvilleBeach-FL&utm_content=98",
    "https://mellowmushroom.com/about",
    "https://mellowmushroom.com/contact",
    "https://mellowmushroom.com/staff",
    "https://mellowmushroom.com/team",
    "https://mellowmushroom.com/board",
    "https://mellowmushroom.com/directory",
    "https://mellowmushroom.com/events",
    "https://mellowmushroom.com/sitemap.xml",
    "https://mellowmushroom.com/council",
    "https://mellowmushroom.com/leadership",
    "https://mellowmushroom.com/management",
    "https://mellowmushroom.com/producers",
    "https://mellowmushroom.com/support",
    "https://mellowmushroom.com/crew",
    "https://mellowmushroom.com/members",
    "https://mellowmushroom.com/bios",
    "https://mellowmushroom.com/people",
    "https://mellowmushroom.com/artists",
    "https://mellowmushroom.com/musicians",
    "https://mellowmushroom.com/faculty",
    "https://mellowmushroom.com/administration",
    "https://mellowmushroom.com/contact-us"
  ],
  "base_url": "https://mellowmushroom.com/location/fl-jacksonville-beach-1018-2-3rd-st-n-32250/?utm_source=gmb&utm_medium=organic&utm_campaign=JacksonvilleBeach-FL&utm_content=98"
}