{
  "pages": [
    {
      "url": "https://www.metrolagoons.com/mec-category/special-ticketed-event/",
      "is_candidate": false,
      "has_email": false,
      "text": "Special Ticketed Event\nSeptember 2025\nSep 05 2025\nCigar Night with Live Music (7pm-10pm)\nEpperson Lagoon\nSep 12 2025\nSunset Social Club: PJs & Prosecco (7pm)\nMirada\nSep 12 2025\nSunset Social Club: PJs & Prosecco (7pm)\nSouthshore Bay\nSep 12 2025\nSunset Social Club: PJs & Prosecco (7pm)\nBrightwater Lagoon\nSep 19 2025\nSunset Social Club: PJs & Prosecco (7pm)\nEpperson Lagoon\nSep 19 2025\nCigar Night with Live Music (7pm-10pm)\nMirada\nSep 26 2025\nCigar Night with Live Music (7pm-10pm)\nSouthshore Bay\nSep 26 2025\nCigar Night with Live Music (7pm-10pm)\nBrightwater Lagoon\nNo event found!\nSep 05 2025\nCigar Night with Live Music (7pm-10pm)\nEpperson Lagoon\nSep 12 2025\nSunset Social Club: PJs & Prosecco (7pm)\nMirada\nSep 12 2025\nSunset Social Club: PJs & Prosecco (7pm)\nSouthshore Bay\nSep 12 2025\nSunset Social Club: PJs & Prosecco (7pm)\nBrightwater Lagoon\nSep 19 2025\nSunset Social Club: PJs & Prosecco (7pm)\nEpperson Lagoon\nSep 19 2025\nCigar Night with Live Music (7pm-10pm)\nMirada\nSep 26 2025\nCigar Night with Live Music (7pm-10pm)\nSouthshore Bay\nSep 26 2025\nCigar Night with Live Music (7pm-10pm)\nBrightwater Lagoon",
      "emails": []
    },
    {
      "url": "https://www.metrolagoons.com/mec-category/public-event/",
      "is_candidate": false,
      "has_email": false,
      "text": "Public Event\nSeptember 2025\nSep 05 2025\nLive Music by Devon Meyers (5:30pm)\nBrightwater Lagoon\nSep 05 2025\nFinish the Line (7pm)\nMirada\nSep 05 2025\nEbonie Paris Duo (7pm-10pm)\nSouthshore Bay\nSep 06 2025\nKan Jam Tournament (2pm)\nBrightwater Lagoon\nSep 06 2025\nBingo with Aloha Kev (5pm-7pm)\nEpperson Lagoon\nSep 06 2025\nKaraoke (6pm-9pm)\nSouthshore Bay\nSep 06 2025\nLuau Night (7pm)\nMirada\nSep 07 2025\nLive Music by Big Daddy Rich (10am-1pm)\nBrightwater Lagoon\nSep 07 2025\nFootball SUN-Days (1pm-8pm)\nEpperson Lagoon\nSep 07 2025\nFootball SUN-Days (1pm-8pm)\nMirada\nSep 07 2025\nFootball SUN-Days (1pm-8pm)\nSouthshore Bay\nSep 07 2025\nFootball SUN-Days (1pm-8pm)\nBrightwater Lagoon\nNo event found!\nLoad More\nSep 05 2025\nLive Music by Devon Meyers (5:30pm)\nBrightwater Lagoon\nSep 05 2025\nFinish the Line (7pm)\nMirada\nSep 05 2025\nEbonie Paris Duo (7pm-10pm)\nSouthshore Bay\nSep 06 2025\nKan Jam Tournament (2pm)\nBrightwater Lagoon\nSep 06 2025\nBingo with Aloha Kev (5pm-7pm)\nEpperson Lagoon\nSep 06 2025\nKaraoke (6pm-9pm)\nSouthshore Bay\nSep 06 2025\nLuau Night (7pm)\nMirada\nSep 07 2025\nLive Music by Big Daddy Rich (10am-1pm)\nBrightwater Lagoon\nSep 07 2025\nFootball SUN-Days (1pm-8pm)\nEpperson Lagoon\nSep 07 2025\nFootball SUN-Days (1pm-8pm)\nMirada\nSep 07 2025\nFootball SUN-Days (1pm-8pm)\nSouthshore Bay\nSep 07 2025\nFootball SUN-Days (1pm-8pm)\nBrightwater Lagoon",
      "emails": []
    },
    {
      "url": "https://www.metrolagoons.com/lagoon/epperson/event-calendar/",
      "is_candidate": false,
      "has_email": false,
      "text": "Today's Hours\nPurchase Tickets\ntoggles wrap start\ntoggle item start\n04\nSeptember\n11:00 AM\n-\n10:00 PM\nOperating Hours\n11am-10pm\nWater Hours\n11am-7pm\nBar Hours\n11am-10pm\nSponsors Module\nRegister Booking Button\nWeather Module\nQRCode Module\nPublic Download Module\nLocal Time Module\nLocation\nEpperson Lagoon\n31885 Overpass Road Wesley Chapel, FL 33545\nEvent Types\nGeneral Hours\nSpeaker List Module\nAttendees List Module\nNext Previous Module\nToday’s Hours of Operation:\n11am-10pm\nToday’s Water Hours:\n11am-7pm\nFood Trucks:\nOpen Daily\nBar Hours:\nOpen Daily until Close\nHappy Hours:\nMonday-Friday 4pm-8pm\nHours subject to change.\nPurchase Tickets\nCustom Data Fields\nFAQ\nLinks Module\nGoogle Maps Module\nExport Module\n+ Add to Google Calendar\n+ iCal / Outlook export\nHourly Schedule\nBooking Module\nTags\ntoggle item end\ntoggles wrap end\nNo event found!\ntoggles wrap start\ntoggle item start\n04\nSeptember\n11:00 AM\n-\n10:00 PM\nOperating Hours\n11am-10pm\nWater Hours\n11am-7pm\nBar Hours\n11am-10pm\nSponsors Module\nRegister Booking Button\nWeather Module\nQRCode Module\nPublic Download Module\nLocal Time Module\nLocation\nEpperson Lagoon\n31885 Overpass Road Wesley Chapel, FL 33545\nEvent Types\nGeneral Hours\nSpeaker List Module\nAttendees List Module\nNext Previous Module\nToday’s Hours of Operation:\n11am-10pm\nToday’s Water Hours:\n11am-7pm\nFood Trucks:\nOpen Daily\nBar Hours:\nOpen Daily until Close\nHappy Hours:\nMonday-Friday 4pm-8pm\nHours subject to change.\nPurchase Tickets\nCustom Data Fields\nFAQ\nLinks Module\nGoogle Maps Module\nExport Module\n+ Add to Google Calendar\n+ iCal / Outlook export\nHourly Schedule\nBooking Module\nTags\ntoggle item end\ntoggles wrap end\nSponsors Module\nRegister Booking Button\nWeather Module\nQRCode Module\nPublic Download Module\nLocal Time Module\nLocation\nEpperson Lagoon\n31885 Overpass Road Wesley Chapel, FL 33545\nEvent Types\nGeneral Hours\nSpeaker List Module\nAttendees List Module\nNext Previous Module\nToday’s Hours of Operation:\n11am-10pm\nToday’s Water Hours:\n11am-7pm\nFood Trucks:\nOpen Daily\nBar Hours:\nOpen Daily until Close\nHappy Hours:\nMonday-Friday 4pm-8pm\nHours subject to change.\nPurchase Tickets\nCustom Data Fields\nFAQ\nLinks Module\nGoogle Maps Module\nExport Module\n+ Add to Google Calendar\n+ iCal / Outlook export\nHourly Schedule\nBooking Module\nTags\nEvent Highlights\nThe fun continues all year long at Epperson Lagoon and we invite you to check out our full calendar of activities. Events are included with the purchase of a day pass unless ticket price is noted.\nCigar Night\nFriday, September 5 | 7pm\nMeet us in Cabana Cove to enjoy a cigar and live music from 7pm-10pm.\r\nThis event is open to the public. Both Resident Members and non-Resident Members must register for this event.\nPublic RSVP\nResident Member RSVP\nFootball SUN-Days\nEvery Sunday | 1pm\nIt’s football season! We’re celebrating every Sunday at the Lagoon. Every week, you will have a chance to win incredible prizes like gift cards, fan gear, team merch, and even game day tickets! All you have to do is show up! Plus, get a multi-day pass to enjoy each Football Sunday in paradise!\nLearn more and Get Tickets\nMetroLagoons is proud to partner with local food truck vendors to bring even more flavor and variety to your Lagoon day. Enjoy these options as well as our regular on-site food and beverage options!\nExplore Upcoming Food Trucks\ndon't miss moments\nEvent Included with All Day Ticket\nResident Member Event\nSpecial Ticketed Event\nHours of Operation\nHappy Hour\nModified Hours\nCalendar\nList\nTiles\nEvent Type:\nEvent Type\nBar Hours\nGeneral Hours\nHappy Hour\nPublic Event\nResident Event\nSpecial Ticketed Event\nSwim Lessons\nWater Activities\nLocation:\nLocation\nEpperson Lagoon\nText:\nAugust\nSeptember 2025\nOctober\nMO\nTU\nWE\nTH\nFR\nSA\nSU\n1\nOperating Hours\n9am-10pm\nWater Hours\n9am-7pm\nBar Hours\n9am-10pm\nEpic Day of Play (12pm-4pm)\nHappy Hour 4pm-8pm\n2\nOperating Hours\n11am-8pm\nWater Hours\n11am-7pm\nBar Hours\n11am-8pm\nHappy Hour 4pm-8pm\n3\nOperating Hours\n11am-8pm\nWater Hours\n11am-7pm\nBar Hours\n11am-8pm\nHappy Hour 4pm-8pm\nMovie on the Turf: Remember the Titans (6pm)\n4\nOperating Hours\n11am-10pm\nWater Hours\n11am-7pm\nBar Hours\n11am-10pm\nHappy Hour 4pm-8pm\nTrivia Night (7pm)\n5\nOperating Hours\n10am-10pm\nWater Hours\n10am-7pm\nBar Hours\n10am-10pm\nHappy Hour 4pm-8pm\nCigar Night with Live Music (7pm-10pm)\n6\nYoga (9am)\nOperating Hours\n10am-10pm\nWater Hours\n10am-7pm\nBar Hours\n10am-10pm\nBingo with Aloha Kev (5pm-7pm)\n7\nZumba (9am)\nOperating Hours\n10am-8pm\nWater Hours\n10am-7pm\nBar Hours\n10am-8pm\nFootball SUN-Days (1pm-8pm)\n8\nOperating Hours\n11am-8pm\nWater Hours\n11am-7pm\nBar Hours\n11am-8pm\nHappy Hour 4pm-8pm\n9\nOperating Hours\n11am-8pm\nWater Hours\n11am-7pm\nBar Hours\n11am-8pm\nHappy Hour 4pm-8pm\n10\nOperating Hours\n11am-8pm\nWater Hours\n11am-7pm\nBar Hours\n11am-8pm\nHappy Hour 4pm-8pm\nMovie on the Turf: IF (6pm)\n11\nOperating Hours\n11am-10pm\nWater Hours\n11am-7pm\nBar Hours\n11am-10pm\nHappy Hour 4pm-8pm\nTrivia Night (7pm)\n12\nOperating Hours\n10am-10pm\nWater Hours\n10am-7pm\nBar Hours\n10am-10pm\nHappy Hour 4pm-8pm\nWater Wars (5pm-9pm)\n13\nYoga (9am)\nOperating Hours\n10am-10pm\nWater Hours\n10am-7pm\nBar Hours\n10am-10pm\nMusical Bingo (5pm-7pm)\n14\nOperating Hours\n10am-8pm\nWater Hours\n10am-7pm\nBar Hours\n10am-8pm\nFootball SUN-Days (1pm-8pm)\n15\nOperating Hours\n11am-8pm\nWater Hours\n11am-7pm\nBar Hours\n11am-8pm\nHappy Hour 4pm-8pm\n16\nOperating Hours\n11am-8pm\nWater Hours\n11am-7pm\nBar Hours\n11am-8pm\nHappy Hour 4pm-8pm\n17\nOperating Hours\n11am-8pm\nWater Hours\n11am-7pm\nBar Hours\n11am-8pm\nHappy Hour 4pm-8pm\nThe Summer I Turned Pretty Watch Party (6pm)\n18\nOperating Hours\n11am-10pm\nWater Hours\n11am-7pm\nBar Hours\n11am-10pm\nHappy Hour 4pm-8pm\nTrivia Night (7pm)\n19\nOperating Hours\n10am-10pm\nWater Hours\n10am-7pm\nBar Hours\n10am-10pm\nHappy Hour 4pm-8pm\nSunset Social Club: PJs & Prosecco (7pm)\n20\nYoga (9am)\nOperating Hours\n10am-10pm\nWater Hours\n10am-7pm\nBar Hours\n10am-10pm\nKaraoke (7pm-10pm)\n21\nOperating Hours\n10am-8pm\nWater Hours\n10am-7pm\nBar Hours\n10am-8pm\nFootball SUN-Days (1pm-8pm)\n22\nOperating Hours\n11am-8pm\nWater Hours\n11am-7pm\nBar Hours\n11am-8pm\nHappy Hour 4pm-8pm\n23\nOperating Hours\n11am-8pm\nWater Hours\n11am-7pm\nBar Hours\n11am-8pm\nHappy Hour 4pm-8pm\n24\nOperating Hours\n11am-8pm\nWater Hours\n11am-7pm\nBar Hours\n11am-8pm\nHappy Hour 4pm-8pm\nMovie on the Turf: Descendants: Rise of Red (6pm)\n25\nOperating Hours\n11am-10pm\nWater Hours\n11am-7pm\nBar Hours\n11am-10pm\nHappy Hour 4pm-8pm\nTrivia Night (7pm)\n26\nOperating Hours\n10am-10pm\nWater Hours\n10am-7pm\nBar Hours\n10am-10pm\nHappy Hour 4pm-8pm\nLatin Night (7pm – 10pm)\n27\nResident Hour: The Big Coffee Cup Cafe Popup (9am-10am)\nOperating Hours\n10am-10pm\nWater Hours\n10am-7pm\nBar Hours\n10am-10pm\nThe Big Coffee Cup Cafe Popup (10am-3pm)\nSilent Disco (7pm)\n28\nOperating Hours\n10am-8pm\nWater Hours\n10am-7pm\nBar Hours\n10am-8pm\nFootball SUN-Days (1pm-8pm)\n29\nOperating Hours\n11am-8pm\nWater Hours\n11am-6pm\nBar Hours\n11am-8pm\nHappy Hour 4pm-8pm\n30\nOperating Hours\n11am-8pm\nWater Hours\n11am-6pm\nBar Hours\n11am-8pm\nHappy Hour 4pm-8pm\n1\nOperating Hours\n11am-8pm\nWater Hours\n11am-6pm\nBar Hours\n11am-8pm\nHappy Hour 4pm-8pm\n2\nOperating Hours\n11am-10pm\nWater Hours\n11am-6pm\nBar Hours\n11am-10pm\nHappy Hour 4pm-8pm\n3\nOperating Hours\n10am-10pm\nWater Hours\n10am-6pm\nBar Hours\n10am-10pm\nHappy Hour 4pm-8pm\n4\nOperating Hours\n10am-10pm\nWater Hours\n10am-6pm\nBar Hours\n10am-10pm\n5\nOperating Hours\n10am-8pm\nWater Hours\n10am-6pm\nBar Hours\n10am-8pm\nEvent Type:\nEvent Type\nHappy Hour\nPublic Event\nResident Event\nSpecial Ticketed Event\nLocation:\nLocation\nEpperson Lagoon\nText:\n05\nSep\nHappy Hour 4pm-8pm\n4:00 PM\n-\n8:00 PM\nEpperson Lagoon\nHappy Hour\n05\nSep\nCigar Night with Live Music (7pm-10pm)\n7:00 PM\n-\n10:00 PM\nEpperson Lagoon\nSpecial Ticketed Event\n06\nSep\nYoga (9am)\n9:00 AM\n-\n10:00 AM\nEpperson Lagoon\nResident Event\n06\nSep\nBingo with Aloha Kev (5pm-7pm)\n5:00 PM\n-\n7:00 PM\nEpperson Lagoon\nPublic Event\n07\nSep\nZumba (9am)\n9:00 AM\n-\n10:00 AM\nEpperson Lagoon\nResident Event\n07\nSep\nFootball SUN-Days (1pm-8pm)\n1:00 PM\n-\n8:00 PM\nEpperson Lagoon\nPublic Event\n08\nSep\nHappy Hour 4pm-8pm\n4:00 PM\n-\n8:00 PM\nEpperson Lagoon\nHappy Hour\n09\nSep\nHappy Hour 4pm-8pm\n4:00 PM\n-\n8:00 PM\nEpperson Lagoon\nHappy Hour\n10\nSep\nHappy Hour 4pm-8pm\n4:00 PM\n-\n8:00 PM\nEpperson Lagoon\nHappy Hour\nNo event found!\nLoad More\nEvent Type:\nEvent Type\nHappy Hour\nPublic Event\nResident Event\nSpecial Ticketed Event\nLocation:\nLocation\nEpperson Lagoon\nText:\n05\nSeptember\nEpperson Lagoon\nHappy Hour 4pm-8pm\n31885 Overpass Road Wesley Chapel, FL 33545\nView Detail\n05\nSeptember\nEpperson Lagoon\nCigar Night with Live Music (7pm-10pm)\n31885 Overpass Road Wesley Chapel, FL 33545\nView Detail\n06\nSeptember\nEpperson Lagoon\nYoga (9am)\n31885 Overpass Road Wesley Chapel, FL 33545\nView Detail\n06\nSeptember\nEpperson Lagoon\nBingo with Aloha Kev (5pm-7pm)\n31885 Overpass Road Wesley Chapel, FL 33545\nView Detail\n07\nSeptember\nEpperson Lagoon\nZumba (9am)\n31885 Overpass Road Wesley Chapel, FL 33545\nView Detail\n07\nSeptember\nEpperson Lagoon\nFootball SUN-Days (1pm-8pm)\n31885 Overpass Road Wesley Chapel, FL 33545\nView Detail\n08\nSeptember\nEpperson Lagoon\nHappy Hour 4pm-8pm\n31885 Overpass Road Wesley Chapel, FL 33545\nView Detail\n09\nSeptember\nEpperson Lagoon\nHappy Hour 4pm-8pm\n31885 Overpass Road Wesley Chapel, FL 33545\nView Detail\nNo event found!\nLoad More\n05\nSep\nHappy Hour 4pm-8pm\n4:00 PM\n-\n8:00 PM\nEpperson Lagoon\nHappy Hour\n05\nSep\nCigar Night with Live Music (7pm-10pm)\n7:00 PM\n-\n10:00 PM\nEpperson Lagoon\nSpecial Ticketed Event\n06\nSep\nYoga (9am)\n9:00 AM\n-\n10:00 AM\nEpperson Lagoon\nResident Event\n06\nSep\nBingo with Aloha Kev (5pm-7pm)\n5:00 PM\n-\n7:00 PM\nEpperson Lagoon\nPublic Event\n07\nSep\nZumba (9am)\n9:00 AM\n-\n10:00 AM\nEpperson Lagoon\nResident Event\n07\nSep\nFootball SUN-Days (1pm-8pm)\n1:00 PM\n-\n8:00 PM\nEpperson Lagoon\nPublic Event\n08\nSep\nHappy Hour 4pm-8pm\n4:00 PM\n-\n8:00 PM\nEpperson Lagoon\nHappy Hour\n09\nSep\nHappy Hour 4pm-8pm\n4:00 PM\n-\n8:00 PM\nEpperson Lagoon\nHappy Hour\n10\nSep\nHappy Hour 4pm-8pm\n4:00 PM\n-\n8:00 PM\nEpperson Lagoon\nHappy Hour\n05\nSeptember\nEpperson Lagoon\nHappy Hour 4pm-8pm\n31885 Overpass Road Wesley Chapel, FL 33545\nView Detail\n05\nSeptember\nEpperson Lagoon\nCigar Night with Live Music (7pm-10pm)\n31885 Overpass Road Wesley Chapel, FL 33545\nView Detail\n06\nSeptember\nEpperson Lagoon\nYoga (9am)\n31885 Overpass Road Wesley Chapel, FL 33545\nView Detail\n06\nSeptember\nEpperson Lagoon\nBingo with Aloha Kev (5pm-7pm)\n31885 Overpass Road Wesley Chapel, FL 33545\nView Detail\n07\nSeptember\nEpperson Lagoon\nZumba (9am)\n31885 Overpass Road Wesley Chapel, FL 33545\nView Detail\n07\nSeptember\nEpperson Lagoon\nFootball SUN-Days (1pm-8pm)\n31885 Overpass Road Wesley Chapel, FL 33545\nView Detail\n08\nSeptember\nEpperson Lagoon\nHappy Hour 4pm-8pm\n31885 Overpass Road Wesley Chapel, FL 33545\nView Detail\n09\nSeptember\nEpperson Lagoon\nHappy Hour 4pm-8pm\n31885 Overpass Road Wesley Chapel, FL 33545\nView Detail\nLagoon Living Has Its Perks\nYou can live your best life as a resident member of Epperson. Resident members have full access to a vibrant beachfront lifestyle where each day feels like a vacation, and a year-round calendar full of community events and entertainment.\nLive at Epperson",
      "emails": []
    },
    {
      "url": "https://www.metrolagoons.com/?lagoon=mirada/event-calendar",
      "is_candidate": false,
      "has_email": false,
      "text": "Today's Hours\nPurchase Tickets\ntoggles wrap start\ntoggle item start\n04\nSeptember\n11:00 AM\n-\n10:00 PM\nOperating Hours\n11am-10pm\nWater Hours\n11am-7pm\nBar Hours\n11am-10pm\nSponsors Module\nRegister Booking Button\nWeather Module\nQRCode Module\nPublic Download Module\nLocal Time Module\nLocation\nMirada\n31461 Mirada Blvd, San Antonio, FL 33576\nEvent Types\nGeneral Hours\nSpeaker List Module\nAttendees List Module\nNext Previous Module\nToday’s Hours of Operation:\n11am-10pm\nToday’s Water Hours:\n11am-7pm\nFood Trucks:\nOpen Daily\nBar Hours:\nOpen Daily until Close\nHappy Hours:\nMonday-Friday 4pm-8pm\nHours subject to change.\nPurchase Tickets\nCustom Data Fields\nFAQ\nLinks Module\nGoogle Maps Module\nExport Module\n+ Add to Google Calendar\n+ iCal / Outlook export\nHourly Schedule\nBooking Module\nTags\ntoggle item end\ntoggles wrap end\nNo event found!\ntoggles wrap start\ntoggle item start\n04\nSeptember\n11:00 AM\n-\n10:00 PM\nOperating Hours\n11am-10pm\nWater Hours\n11am-7pm\nBar Hours\n11am-10pm\nSponsors Module\nRegister Booking Button\nWeather Module\nQRCode Module\nPublic Download Module\nLocal Time Module\nLocation\nMirada\n31461 Mirada Blvd, San Antonio, FL 33576\nEvent Types\nGeneral Hours\nSpeaker List Module\nAttendees List Module\nNext Previous Module\nToday’s Hours of Operation:\n11am-10pm\nToday’s Water Hours:\n11am-7pm\nFood Trucks:\nOpen Daily\nBar Hours:\nOpen Daily until Close\nHappy Hours:\nMonday-Friday 4pm-8pm\nHours subject to change.\nPurchase Tickets\nCustom Data Fields\nFAQ\nLinks Module\nGoogle Maps Module\nExport Module\n+ Add to Google Calendar\n+ iCal / Outlook export\nHourly Schedule\nBooking Module\nTags\ntoggle item end\ntoggles wrap end\nSponsors Module\nRegister Booking Button\nWeather Module\nQRCode Module\nPublic Download Module\nLocal Time Module\nLocation\nMirada\n31461 Mirada Blvd, San Antonio, FL 33576\nEvent Types\nGeneral Hours\nSpeaker List Module\nAttendees List Module\nNext Previous Module\nToday’s Hours of Operation:\n11am-10pm\nToday’s Water Hours:\n11am-7pm\nFood Trucks:\nOpen Daily\nBar Hours:\nOpen Daily until Close\nHappy Hours:\nMonday-Friday 4pm-8pm\nHours subject to change.\nPurchase Tickets\nCustom Data Fields\nFAQ\nLinks Module\nGoogle Maps Module\nExport Module\n+ Add to Google Calendar\n+ iCal / Outlook export\nHourly Schedule\nBooking Module\nTags\nEvent Highlights\nThe fun continues all year long at Mirada Lagoon and we invite you to check out our full calendar of activities. Events are included with admission unless ticket price is noted.\nLuau Night\nSaturday, September 6 | 7pm\nEnjoy an exciting Polynesian stage show with dancers and live music, including hula, fire, knife, and audience participation dances. Plus, meet the performers before and after the show! Guests are encouraged to bring your own beach chair or blanket to soak in the island vibes.\nFootball SUN-Days\nEvery Sunday | 1pm\nIt’s football season! We’re celebrating every Sunday at the Lagoon. Every week, you will have a chance to win incredible prizes like gift cards, fan gear, team merch, and even game day tickets! All you have to do is show up! Plus, get a multi-day pass to enjoy each Football Sunday in paradise!\nLearn more and Get Tickets\nMetroLagoons is proud to partner with local food truck vendors to bring even more flavor and variety to your Lagoon day. Enjoy these options as well as our regular on-site food and beverage options!\nExplore Upcoming Food Trucks\ndon't miss moments\nEvent included with All Day Ticket\nResident Member Event\nSpecial Ticketed Event\nHours of Operation\nHappy Hour\nModified Hours\nCalendar\nList\nTiles\nEvent Type:\nEvent Type\nBar Hours\nGeneral Hours\nHappy Hour\nPublic Event\nResident Event\nSpecial Ticketed Event\nSwim Lessons\nLocation:\nLocation\nMirada\nText:\nAugust\nSeptember 2025\nOctober\nMO\nTU\nWE\nTH\nFR\nSA\nSU\n1\nOperating Hours\n9am-10pm\nWater Hours\n9am-7pm\nBar Hours\n9am-10pm\nMusic by Salty Music Live (1pm-5pm)\nNerf Water Wars and Glimmer Tattoos (2pm-5pm)\nHappy Hour 4pm-8pm\n2\nOperating Hours\n11am-8pm\nWater Hours\n11am-7pm\nBar Hours\n11am-8pm\nHappy Hour 4pm-8pm\n3\nOperating Hours\n11am-8pm\nWater Hours\n11am-7pm\nBar Hours\n11am-8pm\nHappy Hour 4pm-8pm\nMovie on the Turf: Remember the Titans (6pm)\n4\nOperating Hours\n11am-10pm\nWater Hours\n11am-7pm\nBar Hours\n11am-10pm\nHappy Hour 4pm-8pm\nTrivia Night (7pm)\n5\nOperating Hours\n10am-10pm\nWater Hours\n10am-7pm\nBar Hours\n10am-10pm\nHappy Hour 4pm-8pm\nFinish the Line (7pm)\n6\nYoga (9am)\nOperating Hours\n10am-10pm\nWater Hours\n10am-7pm\nBar Hours\n10am-10pm\nLuau Night (7pm)\n7\nOperating Hours\n10am-9pm\nWater Hours\n10am-7pm\nBar Hours\n10am-9pm\nFootball SUN-Days (1pm-8pm)\n8\nOperating Hours\n11am-8pm\nWater Hours\n11am-7pm\nBar Hours\n11am-8pm\nHappy Hour 4pm-8pm\n9\nOperating Hours\n11am-8pm\nWater Hours\n11am-7pm\nBar Hours\n11am-8pm\nHappy Hour 4pm-8pm\n10\nOperating Hours\n11am-8pm\nWater Hours\n11am-7pm\nBar Hours\n11am-8pm\nHappy Hour 4pm-8pm\nMovie on the Turf: Hercules (6pm)\n11\nOperating Hours\n11am-10pm\nWater Hours\n11am-7pm\nBar Hours\n11am-10pm\nHappy Hour 4pm-8pm\nTrivia Night (7pm)\n12\nOperating Hours\n10am-10pm\nWater Hours\n10am-7pm\nBar Hours\n10am-10pm\nHappy Hour 4pm-8pm\nSunset Social Club: PJs & Prosecco (7pm)\n13\nHIIT (9am)\nOperating Hours\n10am-10pm\nWater Hours\n10am-7pm\nBar Hours\n10am-10pm\nKeel Farms Pop-Up (12pm-3pm)\nKids Social: Bounce N’ Play (2pm-7pm)\n14\nZumba (9am)\nOperating Hours\n10am-9pm\nWater Hours\n10am-7pm\nBar Hours\n10am-9pm\nCierre De Verano Beach Party (12pm-7pm)\nFootball SUN-Days (1pm-8pm)\n15\nOperating Hours\n11am-8pm\nWater Hours\n11am-7pm\nBar Hours\n11am-8pm\nHappy Hour 4pm-8pm\n16\nOperating Hours\n11am-8pm\nWater Hours\n11am-7pm\nBar Hours\n11am-8pm\nHappy Hour 4pm-8pm\n17\nOperating Hours\n11am-8pm\nWater Hours\n11am-7pm\nBar Hours\n11am-8pm\nHappy Hour 4pm-8pm\nThe Summer I Turned Pretty Watch Party (6pm)\n18\nOperating Hours\n11am-10pm\nWater Hours\n11am-7pm\nBar Hours\n11am-10pm\nHappy Hour 4pm-8pm\nTrivia Night (7pm)\n19\nOperating Hours\n10am-10pm\nWater Hours\n10am-7pm\nBar Hours\n10am-10pm\nHappy Hour 4pm-8pm\nCigar Night with Live Music (7pm-10pm)\n20\nYoga (9am)\nOperating Hours\n10am-10pm\nWater Hours\n10am-7pm\nBar Hours\n10am-10pm\nMusical Bingo (3pm-5pm)\n21\nOperating Hours\n10am-8pm\nWater Hours\n10am-7pm\nBar Hours\n10am-8pm\nFootball SUN-Days (1pm-8pm)\n22\nOperating Hours\n11am-8pm\nWater Hours\n11am-7pm\nBar Hours\n11am-8pm\nHappy Hour 4pm-8pm\n23\nOperating Hours\n11am-8pm\nWater Hours\n11am-7pm\nBar Hours\n11am-8pm\nHappy Hour 4pm-8pm\n24\nOperating Hours\n11am-8pm\nWater Hours\n11am-7pm\nBar Hours\n11am-8pm\nHappy Hour 4pm-8pm\nMovie on the Turf: Descendants: Rise of Red (6pm)\n25\nOperating Hours\n11am-10pm\nWater Hours\n11am-7pm\nBar Hours\n11am-10pm\nHappy Hour 4pm-8pm\nTrivia Night (7pm)\n26\nOperating Hours\n10am-10pm\nWater Hours\n10am-7pm\nBar Hours\n10am-10pm\nFoam Party (12pm-3pm)\nHappy Hour 4pm-8pm\nTGIF: Bingo with Aloha Kev (7pm – 9pm)\n27\nHIIT (9am)\nOperating Hours\n10am-10pm\nWater Hours\n10am-7pm\nBar Hours\n10am-10pm\nScales and Tails: Exotic Encounters (2pm-5pm)\nKaraoke (7pm-10pm)\n28\nOperating Hours\n10am-8pm\nWater Hours\n10am-7pm\nBar Hours\n10am-8pm\nFootball SUN-Days (1pm-8pm)\nSunset Social Club: Sunset Flow (6pm)\n29\nOperating Hours\n11am-8pm\nWater Hours\n11am-6pm\nBar Hours\n11am-8pm\nHappy Hour 4pm-8pm\n30\nOperating Hours\n11am-8pm\nWater Hours\n11am-6pm\nBar Hours\n11am-8pm\nHappy Hour 4pm-8pm\n1\nOperating Hours\n11am-8pm\nWater Hours\n11am-6pm\nBar Hours\n11am-8pm\nHappy Hour 4pm-8pm\n2\nOperating Hours\n11am-10pm\nWater Hours\n11am-6pm\nBar Hours\n11am-10pm\nHappy Hour 4pm-8pm\n3\nOperating Hours\n10am-10pm\nWater Hours\n10am-6pm\nBar Hours\n10am-10pm\nHappy Hour 4pm-8pm\n4\nOperating Hours\n10am-10pm\nWater Hours\n10am-6pm\nBar Hours\n10am-10pm\n5\nOperating Hours\n10am-8pm\nWater Hours\n10am-6pm\nBar Hours\n10am-8pm\nEvent Type:\nEvent Type\nPublic Event\nResident Event\nSpecial Ticketed Event\nLocation:\nLocation\nMirada\nText:\n05\nSep\nFinish the Line (7pm)\n7:00 PM\n-\n9:00 PM\nMirada\n06\nSep\nYoga (9am)\n9:00 AM\n-\n10:00 AM\nMirada\n06\nSep\nLuau Night (7pm)\n7:00 PM\n-\n8:00 PM\nMirada\n07\nSep\nFootball SUN-Days (1pm-8pm)\n1:00 PM\n-\n8:00 PM\nMirada\n10\nSep\nMovie on the Turf: Hercules (6pm)\n6:00 PM\n-\n8:00 PM\nMirada\n11\nSep\nTrivia Night (7pm)\n7:00 PM\n-\n9:00 PM\nMirada\n12\nSep\nSunset Social Club: PJs & Prosecco (7pm)\n7:00 PM\n-\n10:00 PM\nMirada\n13\nSep\nHIIT (9am)\n9:00 AM\n-\n10:00 AM\nMirada\n13\nSep\nKeel Farms Pop-Up (12pm-3pm)\n12:00 PM\n-\n3:00 PM\nMirada\nNo event found!\nLoad More\nEvent Type:\nEvent Type\nPublic Event\nResident Event\nSpecial Ticketed Event\nLocation:\nLocation\nMirada\nText:\n05\nSeptember\n7:00 PM\n-\n9:00 PM\nMirada\nFinish the Line (7pm)\n31461 Mirada Blvd, San Antonio, FL 33576\nView Detail\n06\nSeptember\n9:00 AM\n-\n10:00 AM\nMirada\nYoga (9am)\n31461 Mirada Blvd, San Antonio, FL 33576\nView Detail\n06\nSeptember\n7:00 PM\n-\n8:00 PM\nMirada\nLuau Night (7pm)\n31461 Mirada Blvd, San Antonio, FL 33576\nView Detail\n07\nSeptember\n1:00 PM\n-\n8:00 PM\nMirada\nFootball SUN-Days (1pm-8pm)\n31461 Mirada Blvd, San Antonio, FL 33576\nView Detail\n10\nSeptember\n6:00 PM\n-\n8:00 PM\nMirada\nMovie on the Turf: Hercules (6pm)\n31461 Mirada Blvd, San Antonio, FL 33576\nView Detail\n11\nSeptember\n7:00 PM\n-\n9:00 PM\nMirada\nTrivia Night (7pm)\n31461 Mirada Blvd, San Antonio, FL 33576\nView Detail\n12\nSeptember\n7:00 PM\n-\n10:00 PM\nMirada\nSunset Social Club: PJs & Prosecco (7pm)\n31461 Mirada Blvd, San Antonio, FL 33576\nView Detail\n13\nSeptember\n9:00 AM\n-\n10:00 AM\nMirada\nHIIT (9am)\n31461 Mirada Blvd, San Antonio, FL 33576\nView Detail\nNo event found!\nLoad More\n05\nSep\nFinish the Line (7pm)\n7:00 PM\n-\n9:00 PM\nMirada\n06\nSep\nYoga (9am)\n9:00 AM\n-\n10:00 AM\nMirada\n06\nSep\nLuau Night (7pm)\n7:00 PM\n-\n8:00 PM\nMirada\n07\nSep\nFootball SUN-Days (1pm-8pm)\n1:00 PM\n-\n8:00 PM\nMirada\n10\nSep\nMovie on the Turf: Hercules (6pm)\n6:00 PM\n-\n8:00 PM\nMirada\n11\nSep\nTrivia Night (7pm)\n7:00 PM\n-\n9:00 PM\nMirada\n12\nSep\nSunset Social Club: PJs & Prosecco (7pm)\n7:00 PM\n-\n10:00 PM\nMirada\n13\nSep\nHIIT (9am)\n9:00 AM\n-\n10:00 AM\nMirada\n13\nSep\nKeel Farms Pop-Up (12pm-3pm)\n12:00 PM\n-\n3:00 PM\nMirada\n05\nSeptember\n7:00 PM\n-\n9:00 PM\nMirada\nFinish the Line (7pm)\n31461 Mirada Blvd, San Antonio, FL 33576\nView Detail\n06\nSeptember\n9:00 AM\n-\n10:00 AM\nMirada\nYoga (9am)\n31461 Mirada Blvd, San Antonio, FL 33576\nView Detail\n06\nSeptember\n7:00 PM\n-\n8:00 PM\nMirada\nLuau Night (7pm)\n31461 Mirada Blvd, San Antonio, FL 33576\nView Detail\n07\nSeptember\n1:00 PM\n-\n8:00 PM\nMirada\nFootball SUN-Days (1pm-8pm)\n31461 Mirada Blvd, San Antonio, FL 33576\nView Detail\n10\nSeptember\n6:00 PM\n-\n8:00 PM\nMirada\nMovie on the Turf: Hercules (6pm)\n31461 Mirada Blvd, San Antonio, FL 33576\nView Detail\n11\nSeptember\n7:00 PM\n-\n9:00 PM\nMirada\nTrivia Night (7pm)\n31461 Mirada Blvd, San Antonio, FL 33576\nView Detail\n12\nSeptember\n7:00 PM\n-\n10:00 PM\nMirada\nSunset Social Club: PJs & Prosecco (7pm)\n31461 Mirada Blvd, San Antonio, FL 33576\nView Detail\n13\nSeptember\n9:00 AM\n-\n10:00 AM\nMirada\nHIIT (9am)\n31461 Mirada Blvd, San Antonio, FL 33576\nView Detail\nLagoon Living Has Its Perks\nYou can live your best life as a resident member of Mirada. Resident members have full access to a vibrant beachfront lifestyle where each day feels like a vacation, and a year-round calendar full of community events and entertainment.\nLive at Mirada",
      "emails": []
    },
    {
      "url": "https://www.metrolagoons.com/lagoon/mirada/event-calendar/",
      "is_candidate": false,
      "has_email": false,
      "text": "Today's Hours\nPurchase Tickets\ntoggles wrap start\ntoggle item start\n04\nSeptember\n11:00 AM\n-\n10:00 PM\nOperating Hours\n11am-10pm\nWater Hours\n11am-7pm\nBar Hours\n11am-10pm\nSponsors Module\nRegister Booking Button\nWeather Module\nQRCode Module\nPublic Download Module\nLocal Time Module\nLocation\nMirada\n31461 Mirada Blvd, San Antonio, FL 33576\nEvent Types\nGeneral Hours\nSpeaker List Module\nAttendees List Module\nNext Previous Module\nToday’s Hours of Operation:\n11am-10pm\nToday’s Water Hours:\n11am-7pm\nFood Trucks:\nOpen Daily\nBar Hours:\nOpen Daily until Close\nHappy Hours:\nMonday-Friday 4pm-8pm\nHours subject to change.\nPurchase Tickets\nCustom Data Fields\nFAQ\nLinks Module\nGoogle Maps Module\nExport Module\n+ Add to Google Calendar\n+ iCal / Outlook export\nHourly Schedule\nBooking Module\nTags\ntoggle item end\ntoggles wrap end\nNo event found!\ntoggles wrap start\ntoggle item start\n04\nSeptember\n11:00 AM\n-\n10:00 PM\nOperating Hours\n11am-10pm\nWater Hours\n11am-7pm\nBar Hours\n11am-10pm\nSponsors Module\nRegister Booking Button\nWeather Module\nQRCode Module\nPublic Download Module\nLocal Time Module\nLocation\nMirada\n31461 Mirada Blvd, San Antonio, FL 33576\nEvent Types\nGeneral Hours\nSpeaker List Module\nAttendees List Module\nNext Previous Module\nToday’s Hours of Operation:\n11am-10pm\nToday’s Water Hours:\n11am-7pm\nFood Trucks:\nOpen Daily\nBar Hours:\nOpen Daily until Close\nHappy Hours:\nMonday-Friday 4pm-8pm\nHours subject to change.\nPurchase Tickets\nCustom Data Fields\nFAQ\nLinks Module\nGoogle Maps Module\nExport Module\n+ Add to Google Calendar\n+ iCal / Outlook export\nHourly Schedule\nBooking Module\nTags\ntoggle item end\ntoggles wrap end\nSponsors Module\nRegister Booking Button\nWeather Module\nQRCode Module\nPublic Download Module\nLocal Time Module\nLocation\nMirada\n31461 Mirada Blvd, San Antonio, FL 33576\nEvent Types\nGeneral Hours\nSpeaker List Module\nAttendees List Module\nNext Previous Module\nToday’s Hours of Operation:\n11am-10pm\nToday’s Water Hours:\n11am-7pm\nFood Trucks:\nOpen Daily\nBar Hours:\nOpen Daily until Close\nHappy Hours:\nMonday-Friday 4pm-8pm\nHours subject to change.\nPurchase Tickets\nCustom Data Fields\nFAQ\nLinks Module\nGoogle Maps Module\nExport Module\n+ Add to Google Calendar\n+ iCal / Outlook export\nHourly Schedule\nBooking Module\nTags\nEvent Highlights\nThe fun continues all year long at Mirada Lagoon and we invite you to check out our full calendar of activities. Events are included with admission unless ticket price is noted.\nLuau Night\nSaturday, September 6 | 7pm\nEnjoy an exciting Polynesian stage show with dancers and live music, including hula, fire, knife, and audience participation dances. Plus, meet the performers before and after the show! Guests are encouraged to bring your own beach chair or blanket to soak in the island vibes.\nFootball SUN-Days\nEvery Sunday | 1pm\nIt’s football season! We’re celebrating every Sunday at the Lagoon. Every week, you will have a chance to win incredible prizes like gift cards, fan gear, team merch, and even game day tickets! All you have to do is show up! Plus, get a multi-day pass to enjoy each Football Sunday in paradise!\nLearn more and Get Tickets\nMetroLagoons is proud to partner with local food truck vendors to bring even more flavor and variety to your Lagoon day. Enjoy these options as well as our regular on-site food and beverage options!\nExplore Upcoming Food Trucks\ndon't miss moments\nEvent included with All Day Ticket\nResident Member Event\nSpecial Ticketed Event\nHours of Operation\nHappy Hour\nModified Hours\nCalendar\nList\nTiles\nEvent Type:\nEvent Type\nBar Hours\nGeneral Hours\nHappy Hour\nPublic Event\nResident Event\nSpecial Ticketed Event\nSwim Lessons\nLocation:\nLocation\nMirada\nText:\nAugust\nSeptember 2025\nOctober\nMO\nTU\nWE\nTH\nFR\nSA\nSU\n1\nOperating Hours\n9am-10pm\nWater Hours\n9am-7pm\nBar Hours\n9am-10pm\nMusic by Salty Music Live (1pm-5pm)\nNerf Water Wars and Glimmer Tattoos (2pm-5pm)\nHappy Hour 4pm-8pm\n2\nOperating Hours\n11am-8pm\nWater Hours\n11am-7pm\nBar Hours\n11am-8pm\nHappy Hour 4pm-8pm\n3\nOperating Hours\n11am-8pm\nWater Hours\n11am-7pm\nBar Hours\n11am-8pm\nHappy Hour 4pm-8pm\nMovie on the Turf: Remember the Titans (6pm)\n4\nOperating Hours\n11am-10pm\nWater Hours\n11am-7pm\nBar Hours\n11am-10pm\nHappy Hour 4pm-8pm\nTrivia Night (7pm)\n5\nOperating Hours\n10am-10pm\nWater Hours\n10am-7pm\nBar Hours\n10am-10pm\nHappy Hour 4pm-8pm\nFinish the Line (7pm)\n6\nYoga (9am)\nOperating Hours\n10am-10pm\nWater Hours\n10am-7pm\nBar Hours\n10am-10pm\nLuau Night (7pm)\n7\nOperating Hours\n10am-9pm\nWater Hours\n10am-7pm\nBar Hours\n10am-9pm\nFootball SUN-Days (1pm-8pm)\n8\nOperating Hours\n11am-8pm\nWater Hours\n11am-7pm\nBar Hours\n11am-8pm\nHappy Hour 4pm-8pm\n9\nOperating Hours\n11am-8pm\nWater Hours\n11am-7pm\nBar Hours\n11am-8pm\nHappy Hour 4pm-8pm\n10\nOperating Hours\n11am-8pm\nWater Hours\n11am-7pm\nBar Hours\n11am-8pm\nHappy Hour 4pm-8pm\nMovie on the Turf: Hercules (6pm)\n11\nOperating Hours\n11am-10pm\nWater Hours\n11am-7pm\nBar Hours\n11am-10pm\nHappy Hour 4pm-8pm\nTrivia Night (7pm)\n12\nOperating Hours\n10am-10pm\nWater Hours\n10am-7pm\nBar Hours\n10am-10pm\nHappy Hour 4pm-8pm\nSunset Social Club: PJs & Prosecco (7pm)\n13\nHIIT (9am)\nOperating Hours\n10am-10pm\nWater Hours\n10am-7pm\nBar Hours\n10am-10pm\nKeel Farms Pop-Up (12pm-3pm)\nKids Social: Bounce N’ Play (2pm-7pm)\n14\nZumba (9am)\nOperating Hours\n10am-9pm\nWater Hours\n10am-7pm\nBar Hours\n10am-9pm\nCierre De Verano Beach Party (12pm-7pm)\nFootball SUN-Days (1pm-8pm)\n15\nOperating Hours\n11am-8pm\nWater Hours\n11am-7pm\nBar Hours\n11am-8pm\nHappy Hour 4pm-8pm\n16\nOperating Hours\n11am-8pm\nWater Hours\n11am-7pm\nBar Hours\n11am-8pm\nHappy Hour 4pm-8pm\n17\nOperating Hours\n11am-8pm\nWater Hours\n11am-7pm\nBar Hours\n11am-8pm\nHappy Hour 4pm-8pm\nThe Summer I Turned Pretty Watch Party (6pm)\n18\nOperating Hours\n11am-10pm\nWater Hours\n11am-7pm\nBar Hours\n11am-10pm\nHappy Hour 4pm-8pm\nTrivia Night (7pm)\n19\nOperating Hours\n10am-10pm\nWater Hours\n10am-7pm\nBar Hours\n10am-10pm\nHappy Hour 4pm-8pm\nCigar Night with Live Music (7pm-10pm)\n20\nYoga (9am)\nOperating Hours\n10am-10pm\nWater Hours\n10am-7pm\nBar Hours\n10am-10pm\nMusical Bingo (3pm-5pm)\n21\nOperating Hours\n10am-8pm\nWater Hours\n10am-7pm\nBar Hours\n10am-8pm\nFootball SUN-Days (1pm-8pm)\n22\nOperating Hours\n11am-8pm\nWater Hours\n11am-7pm\nBar Hours\n11am-8pm\nHappy Hour 4pm-8pm\n23\nOperating Hours\n11am-8pm\nWater Hours\n11am-7pm\nBar Hours\n11am-8pm\nHappy Hour 4pm-8pm\n24\nOperating Hours\n11am-8pm\nWater Hours\n11am-7pm\nBar Hours\n11am-8pm\nHappy Hour 4pm-8pm\nMovie on the Turf: Descendants: Rise of Red (6pm)\n25\nOperating Hours\n11am-10pm\nWater Hours\n11am-7pm\nBar Hours\n11am-10pm\nHappy Hour 4pm-8pm\nTrivia Night (7pm)\n26\nOperating Hours\n10am-10pm\nWater Hours\n10am-7pm\nBar Hours\n10am-10pm\nFoam Party (12pm-3pm)\nHappy Hour 4pm-8pm\nTGIF: Bingo with Aloha Kev (7pm – 9pm)\n27\nHIIT (9am)\nOperating Hours\n10am-10pm\nWater Hours\n10am-7pm\nBar Hours\n10am-10pm\nScales and Tails: Exotic Encounters (2pm-5pm)\nKaraoke (7pm-10pm)\n28\nOperating Hours\n10am-8pm\nWater Hours\n10am-7pm\nBar Hours\n10am-8pm\nFootball SUN-Days (1pm-8pm)\nSunset Social Club: Sunset Flow (6pm)\n29\nOperating Hours\n11am-8pm\nWater Hours\n11am-6pm\nBar Hours\n11am-8pm\nHappy Hour 4pm-8pm\n30\nOperating Hours\n11am-8pm\nWater Hours\n11am-6pm\nBar Hours\n11am-8pm\nHappy Hour 4pm-8pm\n1\nOperating Hours\n11am-8pm\nWater Hours\n11am-6pm\nBar Hours\n11am-8pm\nHappy Hour 4pm-8pm\n2\nOperating Hours\n11am-10pm\nWater Hours\n11am-6pm\nBar Hours\n11am-10pm\nHappy Hour 4pm-8pm\n3\nOperating Hours\n10am-10pm\nWater Hours\n10am-6pm\nBar Hours\n10am-10pm\nHappy Hour 4pm-8pm\n4\nOperating Hours\n10am-10pm\nWater Hours\n10am-6pm\nBar Hours\n10am-10pm\n5\nOperating Hours\n10am-8pm\nWater Hours\n10am-6pm\nBar Hours\n10am-8pm\nEvent Type:\nEvent Type\nPublic Event\nResident Event\nSpecial Ticketed Event\nLocation:\nLocation\nMirada\nText:\n05\nSep\nFinish the Line (7pm)\n7:00 PM\n-\n9:00 PM\nMirada\n06\nSep\nYoga (9am)\n9:00 AM\n-\n10:00 AM\nMirada\n06\nSep\nLuau Night (7pm)\n7:00 PM\n-\n8:00 PM\nMirada\n07\nSep\nFootball SUN-Days (1pm-8pm)\n1:00 PM\n-\n8:00 PM\nMirada\n10\nSep\nMovie on the Turf: Hercules (6pm)\n6:00 PM\n-\n8:00 PM\nMirada\n11\nSep\nTrivia Night (7pm)\n7:00 PM\n-\n9:00 PM\nMirada\n12\nSep\nSunset Social Club: PJs & Prosecco (7pm)\n7:00 PM\n-\n10:00 PM\nMirada\n13\nSep\nHIIT (9am)\n9:00 AM\n-\n10:00 AM\nMirada\n13\nSep\nKeel Farms Pop-Up (12pm-3pm)\n12:00 PM\n-\n3:00 PM\nMirada\nNo event found!\nLoad More\nEvent Type:\nEvent Type\nPublic Event\nResident Event\nSpecial Ticketed Event\nLocation:\nLocation\nMirada\nText:\n05\nSeptember\n7:00 PM\n-\n9:00 PM\nMirada\nFinish the Line (7pm)\n31461 Mirada Blvd, San Antonio, FL 33576\nView Detail\n06\nSeptember\n9:00 AM\n-\n10:00 AM\nMirada\nYoga (9am)\n31461 Mirada Blvd, San Antonio, FL 33576\nView Detail\n06\nSeptember\n7:00 PM\n-\n8:00 PM\nMirada\nLuau Night (7pm)\n31461 Mirada Blvd, San Antonio, FL 33576\nView Detail\n07\nSeptember\n1:00 PM\n-\n8:00 PM\nMirada\nFootball SUN-Days (1pm-8pm)\n31461 Mirada Blvd, San Antonio, FL 33576\nView Detail\n10\nSeptember\n6:00 PM\n-\n8:00 PM\nMirada\nMovie on the Turf: Hercules (6pm)\n31461 Mirada Blvd, San Antonio, FL 33576\nView Detail\n11\nSeptember\n7:00 PM\n-\n9:00 PM\nMirada\nTrivia Night (7pm)\n31461 Mirada Blvd, San Antonio, FL 33576\nView Detail\n12\nSeptember\n7:00 PM\n-\n10:00 PM\nMirada\nSunset Social Club: PJs & Prosecco (7pm)\n31461 Mirada Blvd, San Antonio, FL 33576\nView Detail\n13\nSeptember\n9:00 AM\n-\n10:00 AM\nMirada\nHIIT (9am)\n31461 Mirada Blvd, San Antonio, FL 33576\nView Detail\nNo event found!\nLoad More\n05\nSep\nFinish the Line (7pm)\n7:00 PM\n-\n9:00 PM\nMirada\n06\nSep\nYoga (9am)\n9:00 AM\n-\n10:00 AM\nMirada\n06\nSep\nLuau Night (7pm)\n7:00 PM\n-\n8:00 PM\nMirada\n07\nSep\nFootball SUN-Days (1pm-8pm)\n1:00 PM\n-\n8:00 PM\nMirada\n10\nSep\nMovie on the Turf: Hercules (6pm)\n6:00 PM\n-\n8:00 PM\nMirada\n11\nSep\nTrivia Night (7pm)\n7:00 PM\n-\n9:00 PM\nMirada\n12\nSep\nSunset Social Club: PJs & Prosecco (7pm)\n7:00 PM\n-\n10:00 PM\nMirada\n13\nSep\nHIIT (9am)\n9:00 AM\n-\n10:00 AM\nMirada\n13\nSep\nKeel Farms Pop-Up (12pm-3pm)\n12:00 PM\n-\n3:00 PM\nMirada\n05\nSeptember\n7:00 PM\n-\n9:00 PM\nMirada\nFinish the Line (7pm)\n31461 Mirada Blvd, San Antonio, FL 33576\nView Detail\n06\nSeptember\n9:00 AM\n-\n10:00 AM\nMirada\nYoga (9am)\n31461 Mirada Blvd, San Antonio, FL 33576\nView Detail\n06\nSeptember\n7:00 PM\n-\n8:00 PM\nMirada\nLuau Night (7pm)\n31461 Mirada Blvd, San Antonio, FL 33576\nView Detail\n07\nSeptember\n1:00 PM\n-\n8:00 PM\nMirada\nFootball SUN-Days (1pm-8pm)\n31461 Mirada Blvd, San Antonio, FL 33576\nView Detail\n10\nSeptember\n6:00 PM\n-\n8:00 PM\nMirada\nMovie on the Turf: Hercules (6pm)\n31461 Mirada Blvd, San Antonio, FL 33576\nView Detail\n11\nSeptember\n7:00 PM\n-\n9:00 PM\nMirada\nTrivia Night (7pm)\n31461 Mirada Blvd, San Antonio, FL 33576\nView Detail\n12\nSeptember\n7:00 PM\n-\n10:00 PM\nMirada\nSunset Social Club: PJs & Prosecco (7pm)\n31461 Mirada Blvd, San Antonio, FL 33576\nView Detail\n13\nSeptember\n9:00 AM\n-\n10:00 AM\nMirada\nHIIT (9am)\n31461 Mirada Blvd, San Antonio, FL 33576\nView Detail\nLagoon Living Has Its Perks\nYou can live your best life as a resident member of Mirada. Resident members have full access to a vibrant beachfront lifestyle where each day feels like a vacation, and a year-round calendar full of community events and entertainment.\nLive at Mirada",
      "emails": []
    },
    {
      "url": "https://www.metrolagoons.com/mec-category/resident-event/",
      "is_candidate": false,
      "has_email": false,
      "text": "Resident Event\nSeptember 2025\nSep 05 2025\nResident Member Bar Hours\n8pm-10pm\nSouthshore Bay\nSep 06 2025\nYoga (9am)\nEpperson Lagoon\nSep 06 2025\nYoga (9am)\nMirada\nSep 06 2025\nZumba (9am)\nBrightwater Lagoon\nSep 06 2025\nResident Member Bar Hours\n8pm-10pm\nSouthshore Bay\nSep 07 2025\nZumba (9am)\nEpperson Lagoon\nSep 07 2025\nCornhole Tournament (11am)\nSouthshore Bay\nSep 11 2025\nTrivia Night (7pm)\nEpperson Lagoon\nSep 11 2025\nTrivia Night (7pm)\nMirada\nSep 11 2025\nTrivia Night (7pm)\nSouthshore Bay\nSep 11 2025\nTrivia Night (7pm)\nBrightwater Lagoon\nSep 12 2025\nResident Member Bar Hours\n8pm-10pm\nSouthshore Bay\nNo event found!\nLoad More\nSep 05 2025\nResident Member Bar Hours\n8pm-10pm\nSouthshore Bay\nSep 06 2025\nYoga (9am)\nEpperson Lagoon\nSep 06 2025\nYoga (9am)\nMirada\nSep 06 2025\nZumba (9am)\nBrightwater Lagoon\nSep 06 2025\nResident Member Bar Hours\n8pm-10pm\nSouthshore Bay\nSep 07 2025\nZumba (9am)\nEpperson Lagoon\nSep 07 2025\nCornhole Tournament (11am)\nSouthshore Bay\nSep 11 2025\nTrivia Night (7pm)\nEpperson Lagoon\nSep 11 2025\nTrivia Night (7pm)\nMirada\nSep 11 2025\nTrivia Night (7pm)\nSouthshore Bay\nSep 11 2025\nTrivia Night (7pm)\nBrightwater Lagoon\nSep 12 2025\nResident Member Bar Hours\n8pm-10pm\nSouthshore Bay",
      "emails": []
    },
    {
      "url": "https://www.metrolagoons.com/contactus/",
      "is_candidate": false,
      "has_email": false,
      "text": "Contact Us",
      "emails": []
    },
    {
      "url": "https://www.facebook.com/MetroLagoons",
      "is_candidate": false,
      "has_email": false,
      "text": "",
      "emails": []
    }
  ],
  "all_links": [
    "https://www.metrolagoons.com/careers/",
    "https://www.metrolagoons.com/events/happy-hour-5pm-8pm-722-496-240-808-994/?occurrence=2025-09-04",
    "https://www.metrolagoons.com/events/happy-hour-5pm-8pm-722-496-240-808-994/?occurrence=2025-09-29",
    "https://www.metrolagoons.com/football-sundays/",
    "https://www.metrolagoons.com/events/operating-hours-11am-8pm-water-hours-11am-7pm-bar-hours-11am-8pm/?occurrence=2025-09-08",
    "https://www.metrolagoons.com/events/happy-hour-5pm-8pm-722-496-240-808-994/?occurrence=2025-09-03",
    "https://www.metrolagoons.com/swim-lessons/",
    "https://www.metrolagoons.com/events/movie-on-the-turf-coach-carter-7pm-754-521-652-508-715-646-876-235/?occurrence=2025-09-10",
    "https://www.metrolagoons.com/?method=ical&id=13750",
    "https://www.metrolagoons.com/events/silent-disco-5pm-272-305-951-417/?occurrence=2025-09-27",
    "https://www.metrolagoons.com/events/happy-hour-5pm-8pm-722-496-240-808-994/?occurrence=2025-10-01",
    "https://www.metrolagoons.com/events/operating-hours-10am-10pm-water-hours-10am-5pm-bar-hours-10am-10pm-867-755-222-771-525-696-183-465-891-845-695-366/?occurrence=2025-09-04",
    "https://www.metrolagoons.com/events/operating-hours-11am-8pm-water-hours-11am-6pm-bar-hours-11am-8pm/?occurrence=2025-09-29",
    "https://www.metrolagoons.com/events/cigar-night-7pm-10pm-589-960-800-402-340/?occurrence=2025-09-05",
    "https://www.metrolagoons.com/events/operating-hours-11am-8pm-water-hours-11am-7pm-bar-hours-11am-8pm/?occurrence=2025-09-23",
    "https://www.metrolagoons.com/events/happy-hour-5pm-8pm-722-496-240-808-994/?occurrence=2025-09-01",
    "https://www.metrolagoons.com/lagoon/epperson/",
    "https://www.metrolagoons.com/events/operating-hours-10am-10pm-water-hours-10am-5pm-bar-hours-10am-10pm-867-755-222-771-902-874-775-431-248-654-516-458-845-340/?occurrence=2025-09-05",
    "https://www.metrolagoons.com/lagoon/epperson/information/",
    "https://www.metrolagoons.com/events/bingo-w-aloha-kev-7pm-9pm-334-758-484-287-888-603-700-598/?occurrence=2025-09-06",
    "https://www.metrolagoons.com/events/happy-hour-5pm-8pm-722-496-240-808-994/?occurrence=2025-10-02",
    "https://www.metrolagoons.com/events/operating-hours-10am-10pm-water-hours-10am-5pm-bar-hours-10am-10pm-867-755-222-771-902-874-775-431-248-654-516-458-845-340/?occurrence=2025-09-06",
    "https://www.metrolagoons.com/lagoon/epperson/plan-your-day/",
    "https://www.metrolagoons.com/mec-category/special-ticketed-event/",
    "https://www.metrolagoons.com/lagoon/southshore-bay/",
    "https://www.metrolagoons.com/lagoon/mirada/mirada-waiver/",
    "https://www.metrolagoons.com/events/happy-hour-5pm-8pm-722-496-240-808-994/?occurrence=2025-09-02",
    "https://www.metrolagoons.com/events/happy-hour-5pm-8pm-722-496-240-808-994/?occurrence=2025-09-19",
    "https://www.metrolagoons.com/events/happy-hour-5pm-8pm-722-496-240-808-994/?occurrence=2025-09-23",
    "https://www.metrolagoons.com/events/operating-hours-10am-10pm-water-hours-10am-6pm-bar-hours-10am-10pm/?occurrence=2025-10-04",
    "https://www.metrolagoons.com/lagoon/brightwater/",
    "https://www.metrolagoons.com/lagoon/mirada/",
    "https://www.metrolagoons.com/events/happy-hour-5pm-8pm-722-496-240-808-994/?occurrence=2025-09-08",
    "https://www.metrolagoons.com/events/operating-hours-11am-8pm-water-hours-11am-7pm-bar-hours-11am-8pm/?occurrence=2025-09-17",
    "https://www.metrolagoons.com/events/operating-hours-11am-8pm-water-hours-11am-6pm-bar-hours-11am-8pm/?occurrence=2025-10-01",
    "https://www.metrolagoons.com/mec-category/public-event/",
    "https://www.metrolagoons.com/events/happy-hour-5pm-8pm-722-496-240-808-994/?occurrence=2025-09-09",
    "https://www.metrolagoons.com/events/yoga-9am-2-158-368-160-671-188-922-967-906-179-178/?occurrence=2025-09-06",
    "https://www.metrolagoons.com/events/football-sun-days-1pm-8pm/?occurrence=2025-09-07",
    "https://www.metrolagoons.com/events/operating-hours-10am-10pm-water-hours-10am-5pm-bar-hours-10am-10pm-867-755-222-771-902-874-326-776-157-683-559-967-835-540-903/?occurrence=2025-09-21",
    "https://www.metrolagoons.com/events/happy-hour-5pm-8pm-722-496-240-808-994/?occurrence=2025-09-11",
    "https://www.metrolagoons.com/lagoon/epperson/offers/",
    "https://www.metrolagoons.com/lagoon/epperson/event-calendar/",
    "https://www.metrolagoons.com/events/happy-hour-5pm-8pm-722-496-240-808-994/?occurrence=2025-09-12",
    "https://www.metrolagoons.com/?lagoon=mirada/event-calendar",
    "https://www.metrolagoons.com/lagoon/epperson/groups-events/",
    "https://www.metrolagoons.com/events/sunset-social-club-pjs-prosecco/?occurrence=2025-09-19",
    "https://www.metrolagoons.com/events/operating-hours-11am-8pm-water-hours-11am-6pm-bar-hours-11am-8pm/?occurrence=2025-09-30",
    "https://www.metrolagoons.com/events/trivia-night-7pm-2-637-409-965/?occurrence=2025-09-11",
    "https://www.metrolagoons.com/?method=ical&id=14072",
    "https://www.metrolagoons.com/events/football-sun-days-1pm-8pm/?occurrence=2025-09-21",
    "https://www.metrolagoons.com/events/yoga-9am-2-158-368-160-671-188-922-967-906-179/?occurrence=2025-09-13",
    "https://www.metrolagoons.com",
    "https://www.metrolagoons.com/food-trucks/",
    "https://www.metrolagoons.com/events/happy-hour-5pm-8pm-722-496-240-808-994/?occurrence=2025-09-26",
    "https://www.metrolagoons.com/events/happy-hour-5pm-8pm-722-496-240-808-994/?occurrence=2025-10-03",
    "https://www.metrolagoons.com/events/finish-the-line-6pm-677/?occurrence=2025-09-05",
    "https://www.metrolagoons.com/events/operating-hours-11am-8pm-water-hours-11am-7pm-bar-hours-11am-8pm/?occurrence=2025-09-02",
    "https://www.metrolagoons.com/events/epic-day-of-play-12pm-4pm/?occurrence=2025-09-01",
    "https://www.metrolagoons.com/events/operating-hours-10am-10pm-water-hours-10am-5pm-bar-hours-10am-10pm-867-755-222-771-902-874-775-431-248-654-516-458-845-340/?occurrence=2025-09-19",
    "https://www.metrolagoons.com/elzol/",
    "https://www.metrolagoons.com/bluesky/",
    "https://www.metrolagoons.com/events/operating-hours-11am-10pm-water-hours-11am-6pmbar-hours-11am-10pm/?occurrence=2025-10-02",
    "https://www.metrolagoons.com/events/happy-hour-5pm-8pm-722-496-240-808-994/?occurrence=2025-09-25",
    "https://www.metrolagoons.com/events/football-sun-days-1pm-8pm/?occurrence=2025-09-28",
    "https://www.metrolagoons.com/events/happy-hour-5pm-8pm-722-496-240-808-994/?occurrence=2025-09-18",
    "https://www.metrolagoons.com/events/adult-karaoke-7pm-498-790-174-354-549-469-484-889-323-375-401-723-195-208-628-261/?occurrence=2025-09-20",
    "https://www.metrolagoons.com/who-we-are/",
    "https://www.metrolagoons.com/events/happy-hour-5pm-8pm-722-496-240-808-994/?occurrence=2025-09-24",
    "https://www.metrolagoons.com/events/yoga-9am-2-158-368-160-671-188-922-967-906-179/?occurrence=2025-09-20",
    "https://www.metrolagoons.com/events/football-sun-days-1pm-8pm/?occurrence=2025-09-14",
    "https://www.metrolagoons.com/lagoon/mirada/information/",
    "https://www.metrolagoons.com/lagoon/mirada/groups-events/",
    "https://www.metrolagoons.com/events/water-wars-5pm-9pm/?occurrence=2025-09-12",
    "https://www.metrolagoons.com/events/happy-hour-5pm-8pm-722-496-240-808-994/?occurrence=2025-09-30",
    "https://www.metrolagoons.com/celebration/",
    "https://www.metrolagoons.com/events/operating-hours-10am-10pm-water-hours-10am-5pm-bar-hours-10am-10pm-867-755-222-771-902-874-775-431-248-654-516-458-845-340/?occurrence=2025-09-27",
    "https://www.metrolagoons.com/events/happy-hour-5pm-8pm-722-496-240-808-994/?occurrence=2025-09-05",
    "https://www.metrolagoons.com/events/operating-hours-10am-10pm-water-hours-10am-5pm-bar-hours-10am-10pm-867-755-222-771-902-874-326-776-157-683-559-967-835-540-903/?occurrence=2025-09-07",
    "https://www.metrolagoons.com/events/operating-hours-10am-10pm-water-hours-10am-5pm-bar-hours-10am-10pm-867-755-222-771-902-874-775-431-248-654-516-458-845-340/?occurrence=2025-09-13",
    "https://www.metrolagoons.com/lagoon/mirada/event-calendar/",
    "https://www.metrolagoons.com/events/operating-hours-11am-8pm-water-hours-11am-7pm-bar-hours-11am-8pm/?occurrence=2025-09-10",
    "https://www.metrolagoons.com/events/operating-hours-10am-10pm-water-hours-10am-5pm-bar-hours-10am-10pm-867-755-222-771-902-874-775-431-248-654-516-458-845-340/?occurrence=2025-09-12",
    "https://www.metrolagoons.com/events/operating-hours-10am-10pm-water-hours-10am-5pm-bar-hours-10am-10pm-867-755-222-771-525-696-183-465-891-845-695-366/?occurrence=2025-09-18",
    "https://www.metrolagoons.com/events/operating-hours-10am-10pm-water-hours-10am-5pm-bar-hours-10am-10pm-867-755-222-771-525-696-183-465-891-845-695-366/?occurrence=2025-09-11",
    "https://www.metrolagoons.com/faq/",
    "https://www.metrolagoons.com/events/operating-hours-11am-8pm-water-hours-11am-7pm-bar-hours-11am-8pm/?occurrence=2025-09-15",
    "https://www.metrolagoons.com/events/happy-hour-5pm-8pm-722-496-240-808-994/?occurrence=2025-09-17",
    "https://www.metrolagoons.com/events/trivia-night-7pm-2-637-409-965/?occurrence=2025-09-18",
    "https://www.metrolagoons.com/events/operating-hours-11am-8pm-water-hours-11am-7pm-bar-hours-11am-8pm/?occurrence=2025-09-22",
    "https://www.metrolagoons.com/events/trivia-night-7pm-2-637-409/?occurrence=2025-09-04",
    "https://www.metrolagoons.com/mec-category/resident-event/",
    "https://www.metrolagoons.com/events/trivia-night-7pm-2-637-409-678/?occurrence=2025-09-04",
    "https://www.metrolagoons.com/lagoon/mirada/plan-your-day/",
    "https://www.metrolagoons.com/gift-card/",
    "https://www.metrolagoons.com/mec-category/general-hours/",
    "https://www.metrolagoons.com/events/operating-hours-10am-10pm-water-hours-10am-5pm-bar-hours-10am-10pm-867-755-222-771-902-874-775-431-248-654-516-458-845-340/?occurrence=2025-09-26",
    "https://www.metrolagoons.com/events/happy-hour-5pm-8pm-722-496-240-808-994/?occurrence=2025-09-15",
    "https://www.metrolagoons.com/events/operating-hours-10am-10pm-water-hours-10am-5pm-bar-hours-10am-10pm-867-755-222-771-902-874-326-776-157-683-559-967-835-540-903-911/?occurrence=2025-10-05",
    "https://www.metrolagoons.com/events/latin-night-7pm-988-961-908/?occurrence=2025-09-26",
    "https://www.metrolagoons.com/events/operating-hours-11am-8pm-water-hours-11am-7pm-bar-hours-11am-8pm/?occurrence=2025-09-16",
    "https://www.metrolagoons.com/events/operating-hours-11am-8pm-water-hours-11am-7pm-bar-hours-11am-8pm/?occurrence=2025-09-03",
    "https://www.metrolagoons.com/events/resident-hour-the-big-coffee-cup-cafe-popup-9am-10am/?occurrence=2025-09-27",
    "https://www.metrolagoons.com/events/operating-hours-10am-10pm-water-hours-10am-5pm-bar-hours-10am-10pm-867-755-222-771-525-696-183-465-891-845-695-685-736-245-927/?occurrence=2025-09-01",
    "https://www.metrolagoons.com/partnerships/",
    "https://www.metrolagoons.com/blockout-dates/",
    "https://www.metrolagoons.com/lagoon/mirada/offers/",
    "https://www.metrolagoons.com/events/yoga-9am-2-158-368-160-671-188-922-967-906-179/?occurrence=2025-09-06",
    "https://www.metrolagoons.com/events/trivia-night-7pm-2-637-409-965/?occurrence=2025-09-25",
    "https://www.metrolagoons.com/legal-policy/",
    "https://www.metrolagoons.com/events/bingo-w-aloha-kev-7pm-9pm-334-758-484-287-285-845-310-794/?occurrence=2025-09-13",
    "https://www.metrolagoons.com/events/operating-hours-10am-10pm-water-hours-10am-5pm-bar-hours-10am-10pm-867-755-222-771-902-874-326-776-157-683-559-967-835-540-903/?occurrence=2025-09-14",
    "https://www.metrolagoons.com/events/happy-hour-5pm-8pm-722-496-240-808-994/?occurrence=2025-09-16",
    "https://www.metrolagoons.com/events/operating-hours-10am-10pm-water-hours-10am-5pm-bar-hours-10am-10pm-867-755-222-771-902-874-775-431-248-654-516-458-845-340/?occurrence=2025-09-20",
    "https://www.metrolagoons.com/events/operating-hours-10am-10pm-water-hours-10am-5pm-bar-hours-10am-10pm-867-755-222-771-902-874-326-776-157-683-559-967-835-540-903/?occurrence=2025-09-28",
    "https://www.metrolagoons.com/events/happy-hour-5pm-8pm-722-496-240-808-994/?occurrence=2025-09-22",
    "https://www.metrolagoons.com/events/movie-on-the-turf-coach-carter-7pm-754-521-652-508-715-646-876-956-427/?occurrence=2025-09-17",
    "https://www.metrolagoons.com/events/movie-on-the-turf-coach-carter-7pm-754-521-652-508-715-646-876-956/?occurrence=2025-09-24",
    "https://www.metrolagoons.com/events/operating-hours-10am-10pm-water-hours-10am-6pm-bar-hours-10am-10pm/?occurrence=2025-10-03",
    "https://www.metrolagoons.com/lagoon/epperson/epperson-waiver/",
    "https://www.metrolagoons.com/mec-category/happy-hour/",
    "https://www.metrolagoons.com/events/operating-hours-11am-8pm-water-hours-11am-7pm-bar-hours-11am-8pm/?occurrence=2025-09-24",
    "https://www.metrolagoons.com/",
    "https://www.metrolagoons.com/events/happy-hour-5pm-8pm-722-496-240-808-994/?occurrence=2025-09-10",
    "https://www.metrolagoons.com/events/operating-hours-10am-10pm-water-hours-10am-5pm-bar-hours-10am-10pm-867-755-222-771-525-696-183-465-891-845-695-366/?occurrence=2025-09-25",
    "https://www.metrolagoons.com/events/keel-farms-pop-up-12pm-3pm-356-816-651-118-937-898/?occurrence=2025-09-27",
    "https://www.metrolagoons.com/contactus/",
    "https://www.metrolagoons.com/events/movie-on-the-turf-coach-carter-7pm-754-521-652-508-715-646-876-946/?occurrence=2025-09-03",
    "https://www.metrolagoons.com/events/zumba-9am-128-750-578/?occurrence=2025-09-07",
    "https://www.metrolagoons.com/events/operating-hours-11am-8pm-water-hours-11am-7pm-bar-hours-11am-8pm/?occurrence=2025-09-09"
  ],
  "candidate_links": [
    "https://www.metrolagoons.com/mec-category/special-ticketed-event/",
    "https://www.metrolagoons.com/mec-category/public-event/",
    "https://www.metrolagoons.com/lagoon/epperson/event-calendar/",
    "https://www.metrolagoons.com/?lagoon=mirada/event-calendar",
    "https://www.metrolagoons.com/lagoon/mirada/event-calendar/",
    "https://www.metrolagoons.com/mec-category/resident-event/",
    "https://www.metrolagoons.com/contactus/",
    "https://www.facebook.com/MetroLagoons"
  ],
  "visited": [
    "https://www.metrolagoons.com/lagoon/mirada/?utm_medium=organic&utm_source=google&utm_campaign=business-listing",
    "https://www.metrolagoons.com/about",
    "https://www.metrolagoons.com/contact",
    "https://www.metrolagoons.com/staff",
    "https://www.metrolagoons.com/team",
    "https://www.metrolagoons.com/board",
    "https://www.metrolagoons.com/directory",
    "https://www.metrolagoons.com/events",
    "https://www.metrolagoons.com/sitemap.xml",
    "https://www.metrolagoons.com/council",
    "https://www.metrolagoons.com/leadership",
    "https://www.metrolagoons.com/management",
    "https://www.metrolagoons.com/producers",
    "https://www.metrolagoons.com/support",
    "https://www.metrolagoons.com/crew",
    "https://www.metrolagoons.com/members",
    "https://www.metrolagoons.com/bios",
    "https://www.metrolagoons.com/people",
    "https://www.metrolagoons.com/artists",
    "https://www.metrolagoons.com/musicians",
    "https://www.metrolagoons.com/faculty",
    "https://www.metrolagoons.com/administration",
    "https://www.metrolagoons.com/mec-category/special-ticketed-event/",
    "https://www.metrolagoons.com/mec-category/public-event/",
    "https://www.metrolagoons.com/lagoon/epperson/event-calendar/",
    "https://www.metrolagoons.com/?lagoon=mirada/event-calendar",
    "https://www.metrolagoons.com/lagoon/mirada/event-calendar/",
    "https://www.metrolagoons.com/mec-category/resident-event/",
    "https://www.metrolagoons.com/contactus/",
    "https://www.facebook.com/MetroLagoons"
  ],
  "base_url": "https://www.metrolagoons.com/lagoon/mirada/?utm_medium=organic&utm_source=google&utm_campaign=business-listing"
}