{
  "pages": [
    {
      "url": "https://theluckyscrew.com/fort-myers-historic-downtown-the-lucky-screw-events",
      "is_candidate": false,
      "has_email": true,
      "text": "Events\nMac-n-Cheese Monday!\nMonday September 15th\nSunday may 8th\nEvery Monday\nMondays are hard! Reward yourself with one of our Cast Iron Macs!\nBuffalo Chicken, Short Rib, Scampi Style, you name it we got It!\nCustomize it and Enjoy it!\n10:00 AM - 10:00 PM\n2025-09-15 10:00:00\n2025-09-15 22:00:00\nAmerica/New_York\nMac-n-Cheese Monday!\nMondays are hard! Reward yourself with one of our Cast Iron Macs! Buffalo Chicken, Short Rib, Scampi Style, you name it we got It! Customize it and Enjoy it!\nThe Lucky Screw\nThe Lucky Screw\ninfo@theluckyscrew.com\nTacos and Trivia Tuesday!\nTuesday September 16th\nSunday may 8th\nEvery Tuesday\nCome Join us every Tuesday open to close for some of the best tacos downtown and test your knowledge with some Triva!\n11:00 AM - 12:00 AM\n2025-09-16 11:00:00\n2025-09-16 00:00:00\nAmerica/New_York\nTacos and Trivia Tuesday!\nCome Join us every Tuesday open to close for some of the best tacos downtown and test your knowledge with some Triva!\nThe Lucky Screw\nThe Lucky Screw\ninfo@theluckyscrew.com\nNational Cheeseburger Day\nThursday September 18th\nSunday may 8th\nCome grab a giant juicy cheeseburger for National Cheeseburger Day Sept 18th!\n11:00 AM - 12:00 AM\n2025-09-18 11:00:00\n2025-09-18 00:00:00\nAmerica/New_York\nNational Cheeseburger Day\nCome grab a giant juicy cheeseburger for National Cheeseburger Day Sept 18th!\nThe Lucky Screw\nThe Lucky Screw\ninfo@theluckyscrew.com\nNational Drink Beer Day\nSunday September 28th\nSunday may 8th\nJoin us for National Drink Beer Day on Sept 28th and try one of our many craft brews!\n11:00 AM - 11:00 PM\n2025-09-28 11:00:00\n2025-09-28 23:00:00\nAmerica/New_York\nNational Drink Beer Day\nJoin us for National Drink Beer Day on Sept 28th and try one of our many craft brews!\nThe Lucky Screw\nThe Lucky Screw\ninfo@theluckyscrew.com\nNational Taco Day\nSaturday October 4th\nSunday may 8th\nAs if we needed an excuse... join us for National Taco Day October 4th!\n11:00 AM - 02:00 AM\n2025-10-04 11:00:00\n2025-10-04 02:00:00\nAmerica/New_York\nNational Taco Day\nAs if we needed an excuse... join us for National Taco Day October 4th!\nThe Lucky Screw\nThe Lucky Screw\ninfo@theluckyscrew.com\nHalloween\nFriday October 31st\nSunday may 8th\nBring your best costume and join us on Halloween!\n11:00 AM - 02:00 AM\n2025-10-31 11:00:00\n2025-10-31 02:00:00\nAmerica/New_York\nHalloween\nBring your best costume and join us on Halloween!\nThe Lucky Screw\nThe Lucky Screw\ninfo@theluckyscrew.com\nThanksgiving\nThursday November 27th\nSunday may 8th\nBring your friends and family by on Thanksgiving Day for a celebratory feast!\n11:00 AM - 12:00 AM\n2025-11-27 11:00:00\n2025-11-27 00:00:00\nAmerica/New_York\nThanksgiving\nBring your friends and family by on Thanksgiving Day for a celebratory feast!\nThe Lucky Screw\nThe Lucky Screw\ninfo@theluckyscrew.com\nEvents\nMac-n-Cheese Monday!\nMonday September 15th\nSunday may 8th\nEvery Monday\nMondays are hard! Reward yourself with one of our Cast Iron Macs!\nBuffalo Chicken, Short Rib, Scampi Style, you name it we got It!\nCustomize it and Enjoy it!\n10:00 AM - 10:00 PM\n2025-09-15 10:00:00\n2025-09-15 22:00:00\nAmerica/New_York\nMac-n-Cheese Monday!\nMondays are hard! Reward yourself with one of our Cast Iron Macs! Buffalo Chicken, Short Rib, Scampi Style, you name it we got It! Customize it and Enjoy it!\nThe Lucky Screw\nThe Lucky Screw\ninfo@theluckyscrew.com\nTacos and Trivia Tuesday!\nTuesday September 16th\nSunday may 8th\nEvery Tuesday\nCome Join us every Tuesday open to close for some of the best tacos downtown and test your knowledge with some Triva!\n11:00 AM - 12:00 AM\n2025-09-16 11:00:00\n2025-09-16 00:00:00\nAmerica/New_York\nTacos and Trivia Tuesday!\nCome Join us every Tuesday open to close for some of the best tacos downtown and test your knowledge with some Triva!\nThe Lucky Screw\nThe Lucky Screw\ninfo@theluckyscrew.com\nNational Cheeseburger Day\nThursday September 18th\nSunday may 8th\nCome grab a giant juicy cheeseburger for National Cheeseburger Day Sept 18th!\n11:00 AM - 12:00 AM\n2025-09-18 11:00:00\n2025-09-18 00:00:00\nAmerica/New_York\nNational Cheeseburger Day\nCome grab a giant juicy cheeseburger for National Cheeseburger Day Sept 18th!\nThe Lucky Screw\nThe Lucky Screw\ninfo@theluckyscrew.com\nNational Drink Beer Day\nSunday September 28th\nSunday may 8th\nJoin us for National Drink Beer Day on Sept 28th and try one of our many craft brews!\n11:00 AM - 11:00 PM\n2025-09-28 11:00:00\n2025-09-28 23:00:00\nAmerica/New_York\nNational Drink Beer Day\nJoin us for National Drink Beer Day on Sept 28th and try one of our many craft brews!\nThe Lucky Screw\nThe Lucky Screw\ninfo@theluckyscrew.com\nNational Taco Day\nSaturday October 4th\nSunday may 8th\nAs if we needed an excuse... join us for National Taco Day October 4th!\n11:00 AM - 02:00 AM\n2025-10-04 11:00:00\n2025-10-04 02:00:00\nAmerica/New_York\nNational Taco Day\nAs if we needed an excuse... join us for National Taco Day October 4th!\nThe Lucky Screw\nThe Lucky Screw\ninfo@theluckyscrew.com\nHalloween\nFriday October 31st\nSunday may 8th\nBring your best costume and join us on Halloween!\n11:00 AM - 02:00 AM\n2025-10-31 11:00:00\n2025-10-31 02:00:00\nAmerica/New_York\nHalloween\nBring your best costume and join us on Halloween!\nThe Lucky Screw\nThe Lucky Screw\ninfo@theluckyscrew.com\nThanksgiving\nThursday November 27th\nSunday may 8th\nBring your friends and family by on Thanksgiving Day for a celebratory feast!\n11:00 AM - 12:00 AM\n2025-11-27 11:00:00\n2025-11-27 00:00:00\nAmerica/New_York\nThanksgiving\nBring your friends and family by on Thanksgiving Day for a celebratory feast!\nThe Lucky Screw\nThe Lucky Screw\ninfo@theluckyscrew.com\nMac-n-Cheese Monday!\nMonday September 15th\nSunday may 8th\nEvery Monday\nMondays are hard! Reward yourself with one of our Cast Iron Macs!\nBuffalo Chicken, Short Rib, Scampi Style, you name it we got It!\nCustomize it and Enjoy it!\n10:00 AM - 10:00 PM\n2025-09-15 10:00:00\n2025-09-15 22:00:00\nAmerica/New_York\nMac-n-Cheese Monday!\nMondays are hard! Reward yourself with one of our Cast Iron Macs! Buffalo Chicken, Short Rib, Scampi Style, you name it we got It! Customize it and Enjoy it!\nThe Lucky Screw\nThe Lucky Screw\ninfo@theluckyscrew.com\nTacos and Trivia Tuesday!\nTuesday September 16th\nSunday may 8th\nEvery Tuesday\nCome Join us every Tuesday open to close for some of the best tacos downtown and test your knowledge with some Triva!\n11:00 AM - 12:00 AM\n2025-09-16 11:00:00\n2025-09-16 00:00:00\nAmerica/New_York\nTacos and Trivia Tuesday!\nCome Join us every Tuesday open to close for some of the best tacos downtown and test your knowledge with some Triva!\nThe Lucky Screw\nThe Lucky Screw\ninfo@theluckyscrew.com\nNational Cheeseburger Day\nThursday September 18th\nSunday may 8th\nCome grab a giant juicy cheeseburger for National Cheeseburger Day Sept 18th!\n11:00 AM - 12:00 AM\n2025-09-18 11:00:00\n2025-09-18 00:00:00\nAmerica/New_York\nNational Cheeseburger Day\nCome grab a giant juicy cheeseburger for National Cheeseburger Day Sept 18th!\nThe Lucky Screw\nThe Lucky Screw\ninfo@theluckyscrew.com\nNational Drink Beer Day\nSunday September 28th\nSunday may 8th\nJoin us for National Drink Beer Day on Sept 28th and try one of our many craft brews!\n11:00 AM - 11:00 PM\n2025-09-28 11:00:00\n2025-09-28 23:00:00\nAmerica/New_York\nNational Drink Beer Day\nJoin us for National Drink Beer Day on Sept 28th and try one of our many craft brews!\nThe Lucky Screw\nThe Lucky Screw\ninfo@theluckyscrew.com\nNational Taco Day\nSaturday October 4th\nSunday may 8th\nAs if we needed an excuse... join us for National Taco Day October 4th!\n11:00 AM - 02:00 AM\n2025-10-04 11:00:00\n2025-10-04 02:00:00\nAmerica/New_York\nNational Taco Day\nAs if we needed an excuse... join us for National Taco Day October 4th!\nThe Lucky Screw\nThe Lucky Screw\ninfo@theluckyscrew.com\nHalloween\nFriday October 31st\nSunday may 8th\nBring your best costume and join us on Halloween!\n11:00 AM - 02:00 AM\n2025-10-31 11:00:00\n2025-10-31 02:00:00\nAmerica/New_York\nHalloween\nBring your best costume and join us on Halloween!\nThe Lucky Screw\nThe Lucky Screw\ninfo@theluckyscrew.com\nThanksgiving\nThursday November 27th\nSunday may 8th\nBring your friends and family by on Thanksgiving Day for a celebratory feast!\n11:00 AM - 12:00 AM\n2025-11-27 11:00:00\n2025-11-27 00:00:00\nAmerica/New_York\nThanksgiving\nBring your friends and family by on Thanksgiving Day for a celebratory feast!\nThe Lucky Screw\nThe Lucky Screw\ninfo@theluckyscrew.com",
      "emails": [
        "email@example.com",
        "info@theluckyscrew.com"
      ]
    },
    {
      "url": "https://theluckyscrew.com/-events?source=header&spot_id=75116&destination=events&promotion=nfl_season",
      "is_candidate": false,
      "has_email": true,
      "text": "Events\nMac-n-Cheese Monday!\nMonday September 15th\nSunday may 8th\nEvery Monday\nMondays are hard! Reward yourself with one of our Cast Iron Macs!\nBuffalo Chicken, Short Rib, Scampi Style, you name it we got It!\nCustomize it and Enjoy it!\n10:00 AM - 10:00 PM\n2025-09-15 10:00:00\n2025-09-15 22:00:00\nAmerica/New_York\nMac-n-Cheese Monday!\nMondays are hard! Reward yourself with one of our Cast Iron Macs! Buffalo Chicken, Short Rib, Scampi Style, you name it we got It! Customize it and Enjoy it!\nThe Lucky Screw\nThe Lucky Screw\ninfo@theluckyscrew.com\nTacos and Trivia Tuesday!\nTuesday September 16th\nSunday may 8th\nEvery Tuesday\nCome Join us every Tuesday open to close for some of the best tacos downtown and test your knowledge with some Triva!\n11:00 AM - 12:00 AM\n2025-09-16 11:00:00\n2025-09-16 00:00:00\nAmerica/New_York\nTacos and Trivia Tuesday!\nCome Join us every Tuesday open to close for some of the best tacos downtown and test your knowledge with some Triva!\nThe Lucky Screw\nThe Lucky Screw\ninfo@theluckyscrew.com\nNational Cheeseburger Day\nThursday September 18th\nSunday may 8th\nCome grab a giant juicy cheeseburger for National Cheeseburger Day Sept 18th!\n11:00 AM - 12:00 AM\n2025-09-18 11:00:00\n2025-09-18 00:00:00\nAmerica/New_York\nNational Cheeseburger Day\nCome grab a giant juicy cheeseburger for National Cheeseburger Day Sept 18th!\nThe Lucky Screw\nThe Lucky Screw\ninfo@theluckyscrew.com\nNational Drink Beer Day\nSunday September 28th\nSunday may 8th\nJoin us for National Drink Beer Day on Sept 28th and try one of our many craft brews!\n11:00 AM - 11:00 PM\n2025-09-28 11:00:00\n2025-09-28 23:00:00\nAmerica/New_York\nNational Drink Beer Day\nJoin us for National Drink Beer Day on Sept 28th and try one of our many craft brews!\nThe Lucky Screw\nThe Lucky Screw\ninfo@theluckyscrew.com\nNational Taco Day\nSaturday October 4th\nSunday may 8th\nAs if we needed an excuse... join us for National Taco Day October 4th!\n11:00 AM - 02:00 AM\n2025-10-04 11:00:00\n2025-10-04 02:00:00\nAmerica/New_York\nNational Taco Day\nAs if we needed an excuse... join us for National Taco Day October 4th!\nThe Lucky Screw\nThe Lucky Screw\ninfo@theluckyscrew.com\nHalloween\nFriday October 31st\nSunday may 8th\nBring your best costume and join us on Halloween!\n11:00 AM - 02:00 AM\n2025-10-31 11:00:00\n2025-10-31 02:00:00\nAmerica/New_York\nHalloween\nBring your best costume and join us on Halloween!\nThe Lucky Screw\nThe Lucky Screw\ninfo@theluckyscrew.com\nThanksgiving\nThursday November 27th\nSunday may 8th\nBring your friends and family by on Thanksgiving Day for a celebratory feast!\n11:00 AM - 12:00 AM\n2025-11-27 11:00:00\n2025-11-27 00:00:00\nAmerica/New_York\nThanksgiving\nBring your friends and family by on Thanksgiving Day for a celebratory feast!\nThe Lucky Screw\nThe Lucky Screw\ninfo@theluckyscrew.com\nEvents\nMac-n-Cheese Monday!\nMonday September 15th\nSunday may 8th\nEvery Monday\nMondays are hard! Reward yourself with one of our Cast Iron Macs!\nBuffalo Chicken, Short Rib, Scampi Style, you name it we got It!\nCustomize it and Enjoy it!\n10:00 AM - 10:00 PM\n2025-09-15 10:00:00\n2025-09-15 22:00:00\nAmerica/New_York\nMac-n-Cheese Monday!\nMondays are hard! Reward yourself with one of our Cast Iron Macs! Buffalo Chicken, Short Rib, Scampi Style, you name it we got It! Customize it and Enjoy it!\nThe Lucky Screw\nThe Lucky Screw\ninfo@theluckyscrew.com\nTacos and Trivia Tuesday!\nTuesday September 16th\nSunday may 8th\nEvery Tuesday\nCome Join us every Tuesday open to close for some of the best tacos downtown and test your knowledge with some Triva!\n11:00 AM - 12:00 AM\n2025-09-16 11:00:00\n2025-09-16 00:00:00\nAmerica/New_York\nTacos and Trivia Tuesday!\nCome Join us every Tuesday open to close for some of the best tacos downtown and test your knowledge with some Triva!\nThe Lucky Screw\nThe Lucky Screw\ninfo@theluckyscrew.com\nNational Cheeseburger Day\nThursday September 18th\nSunday may 8th\nCome grab a giant juicy cheeseburger for National Cheeseburger Day Sept 18th!\n11:00 AM - 12:00 AM\n2025-09-18 11:00:00\n2025-09-18 00:00:00\nAmerica/New_York\nNational Cheeseburger Day\nCome grab a giant juicy cheeseburger for National Cheeseburger Day Sept 18th!\nThe Lucky Screw\nThe Lucky Screw\ninfo@theluckyscrew.com\nNational Drink Beer Day\nSunday September 28th\nSunday may 8th\nJoin us for National Drink Beer Day on Sept 28th and try one of our many craft brews!\n11:00 AM - 11:00 PM\n2025-09-28 11:00:00\n2025-09-28 23:00:00\nAmerica/New_York\nNational Drink Beer Day\nJoin us for National Drink Beer Day on Sept 28th and try one of our many craft brews!\nThe Lucky Screw\nThe Lucky Screw\ninfo@theluckyscrew.com\nNational Taco Day\nSaturday October 4th\nSunday may 8th\nAs if we needed an excuse... join us for National Taco Day October 4th!\n11:00 AM - 02:00 AM\n2025-10-04 11:00:00\n2025-10-04 02:00:00\nAmerica/New_York\nNational Taco Day\nAs if we needed an excuse... join us for National Taco Day October 4th!\nThe Lucky Screw\nThe Lucky Screw\ninfo@theluckyscrew.com\nHalloween\nFriday October 31st\nSunday may 8th\nBring your best costume and join us on Halloween!\n11:00 AM - 02:00 AM\n2025-10-31 11:00:00\n2025-10-31 02:00:00\nAmerica/New_York\nHalloween\nBring your best costume and join us on Halloween!\nThe Lucky Screw\nThe Lucky Screw\ninfo@theluckyscrew.com\nThanksgiving\nThursday November 27th\nSunday may 8th\nBring your friends and family by on Thanksgiving Day for a celebratory feast!\n11:00 AM - 12:00 AM\n2025-11-27 11:00:00\n2025-11-27 00:00:00\nAmerica/New_York\nThanksgiving\nBring your friends and family by on Thanksgiving Day for a celebratory feast!\nThe Lucky Screw\nThe Lucky Screw\ninfo@theluckyscrew.com\nMac-n-Cheese Monday!\nMonday September 15th\nSunday may 8th\nEvery Monday\nMondays are hard! Reward yourself with one of our Cast Iron Macs!\nBuffalo Chicken, Short Rib, Scampi Style, you name it we got It!\nCustomize it and Enjoy it!\n10:00 AM - 10:00 PM\n2025-09-15 10:00:00\n2025-09-15 22:00:00\nAmerica/New_York\nMac-n-Cheese Monday!\nMondays are hard! Reward yourself with one of our Cast Iron Macs! Buffalo Chicken, Short Rib, Scampi Style, you name it we got It! Customize it and Enjoy it!\nThe Lucky Screw\nThe Lucky Screw\ninfo@theluckyscrew.com\nTacos and Trivia Tuesday!\nTuesday September 16th\nSunday may 8th\nEvery Tuesday\nCome Join us every Tuesday open to close for some of the best tacos downtown and test your knowledge with some Triva!\n11:00 AM - 12:00 AM\n2025-09-16 11:00:00\n2025-09-16 00:00:00\nAmerica/New_York\nTacos and Trivia Tuesday!\nCome Join us every Tuesday open to close for some of the best tacos downtown and test your knowledge with some Triva!\nThe Lucky Screw\nThe Lucky Screw\ninfo@theluckyscrew.com\nNational Cheeseburger Day\nThursday September 18th\nSunday may 8th\nCome grab a giant juicy cheeseburger for National Cheeseburger Day Sept 18th!\n11:00 AM - 12:00 AM\n2025-09-18 11:00:00\n2025-09-18 00:00:00\nAmerica/New_York\nNational Cheeseburger Day\nCome grab a giant juicy cheeseburger for National Cheeseburger Day Sept 18th!\nThe Lucky Screw\nThe Lucky Screw\ninfo@theluckyscrew.com\nNational Drink Beer Day\nSunday September 28th\nSunday may 8th\nJoin us for National Drink Beer Day on Sept 28th and try one of our many craft brews!\n11:00 AM - 11:00 PM\n2025-09-28 11:00:00\n2025-09-28 23:00:00\nAmerica/New_York\nNational Drink Beer Day\nJoin us for National Drink Beer Day on Sept 28th and try one of our many craft brews!\nThe Lucky Screw\nThe Lucky Screw\ninfo@theluckyscrew.com\nNational Taco Day\nSaturday October 4th\nSunday may 8th\nAs if we needed an excuse... join us for National Taco Day October 4th!\n11:00 AM - 02:00 AM\n2025-10-04 11:00:00\n2025-10-04 02:00:00\nAmerica/New_York\nNational Taco Day\nAs if we needed an excuse... join us for National Taco Day October 4th!\nThe Lucky Screw\nThe Lucky Screw\ninfo@theluckyscrew.com\nHalloween\nFriday October 31st\nSunday may 8th\nBring your best costume and join us on Halloween!\n11:00 AM - 02:00 AM\n2025-10-31 11:00:00\n2025-10-31 02:00:00\nAmerica/New_York\nHalloween\nBring your best costume and join us on Halloween!\nThe Lucky Screw\nThe Lucky Screw\ninfo@theluckyscrew.com\nThanksgiving\nThursday November 27th\nSunday may 8th\nBring your friends and family by on Thanksgiving Day for a celebratory feast!\n11:00 AM - 12:00 AM\n2025-11-27 11:00:00\n2025-11-27 00:00:00\nAmerica/New_York\nThanksgiving\nBring your friends and family by on Thanksgiving Day for a celebratory feast!\nThe Lucky Screw\nThe Lucky Screw\ninfo@theluckyscrew.com",
      "emails": [
        "email@example.com",
        "info@theluckyscrew.com"
      ]
    },
    {
      "url": "https://theluckyscrew.com/fort-myers-historic-downtown-the-lucky-screw-screw-schedule",
      "is_candidate": false,
      "has_email": true,
      "text": "Screw Schedule\nScrew Schedule",
      "emails": [
        "email@example.com"
      ]
    },
    {
      "url": "https://www.facebook.com/1067330153374535",
      "is_candidate": false,
      "has_email": false,
      "text": "",
      "emails": []
    }
  ],
  "all_links": [
    "https://theluckyscrew.com/fort-myers-historic-downtown-the-lucky-screw-drink-menu",
    "https://theluckyscrew.com/fort-myers-historic-downtown-the-lucky-screw-food-menu",
    "https://theluckyscrew.com/fort-myers-historic-downtown-the-lucky-screw-events",
    "https://theluckyscrew.com/accessibility-page-01",
    "https://theluckyscrew.com/",
    "https://theluckyscrew.com/fort-myers-historic-downtown-the-lucky-screw-happy-hours-specials",
    "https://theluckyscrew.com/-events?source=header&spot_id=75116&destination=events&promotion=nfl_season",
    "https://theluckyscrew.com/fort-myers-historic-downtown-the-lucky-screw-screw-schedule"
  ],
  "candidate_links": [
    "https://theluckyscrew.com/fort-myers-historic-downtown-the-lucky-screw-events",
    "https://theluckyscrew.com/-events?source=header&spot_id=75116&destination=events&promotion=nfl_season",
    "https://theluckyscrew.com/fort-myers-historic-downtown-the-lucky-screw-screw-schedule",
    "https://www.facebook.com/1067330153374535"
  ],
  "visited": [
    "https://theluckyscrew.com/",
    "https://theluckyscrew.com/about",
    "https://theluckyscrew.com/contact",
    "https://theluckyscrew.com/staff",
    "https://theluckyscrew.com/team",
    "https://theluckyscrew.com/board",
    "https://theluckyscrew.com/directory",
    "https://theluckyscrew.com/events",
    "https://theluckyscrew.com/sitemap.xml",
    "https://theluckyscrew.com/council",
    "https://theluckyscrew.com/leadership",
    "https://theluckyscrew.com/management",
    "https://theluckyscrew.com/producers",
    "https://theluckyscrew.com/support",
    "https://theluckyscrew.com/crew",
    "https://theluckyscrew.com/members",
    "https://theluckyscrew.com/bios",
    "https://theluckyscrew.com/people",
    "https://theluckyscrew.com/artists",
    "https://theluckyscrew.com/musicians",
    "https://theluckyscrew.com/faculty",
    "https://theluckyscrew.com/administration",
    "https://theluckyscrew.com/fort-myers-historic-downtown-the-lucky-screw-events",
    "https://theluckyscrew.com/-events?source=header&spot_id=75116&destination=events&promotion=nfl_season",
    "https://theluckyscrew.com/fort-myers-historic-downtown-the-lucky-screw-screw-schedule",
    "https://www.facebook.com/1067330153374535"
  ],
  "base_url": "https://theluckyscrew.com/"
}