{
  "fuentes": [
    {
      "url": "https://clubcarwash.com/contact-us/",
      "email": "contact@clubcarwash.com"
    }
  ],
  "mails": [
    "contact@clubcarwash.com"
  ],
  "nombre_sitio": "fscc.club",
  "origen_extraccion": "Subpaginas_Relevantes",
  "textos_fuente": [
    {
      "url": "https://clubcarwash.com/contact-us/",
      "text": "Contact Us | Club Car Wash We use cookies to help make our site better and make your experience on our site more enjoyable. Accept X Skip to content Washes Locations News Contact Us Washes Locations News Contact Us Search Manage Membership Reach out to us using the form below! We love to hear your feedback, and we are always looking to grow and improve! You're not able to cancel your membership through this form. To cancel your membership, click the manage membership button below! Manage Membership Please enable JavaScript in your browser to complete this form. Please enable JavaScript in your browser to complete this form. Name * First Last Email * Phone Preferred Location Select preferred location... 10084 Coors Blvd NW Albuquerque, NM 87114 1075 Diffley Rd Eagan, MN 55123 11200 Timberland Blvd Fort Worth, TX 76177 11611 S 73rd St Papillion, NE 68046 118 N Fox River Dr Appleton, WI 54915 1202 Getwell Rd Memphis, TN 38111 12035 O'Connor Rd San Antonio, TX 78233 12225 E US-290 Manor, TX 78653 12322 W US Highway 90, San Antonio, TX - Montgomery 13046 Four Star Blvd Austin, TX 78737 1305 E Imhoff Rd - Norman OK 73071 1317 N Moore Ave Moore, OK 73160 14109 Culebra Rd San Antonio, TX 78254 15490 E 120th Ave Commerce City, CO 80603 1721 N Veterans Blvd Pharr, TX 78589 1725 S Valley Mills Dr Waco, TX 76711 1821 W Tyler Ave Harlingen, TX 78550 2002 Gateway Center Dr Belvidere, IL 61008 206 N Kingshighway Cape Girardeau, MO 63701 2550 Coon Rapids Blvd NW Minneapolis, MN 55433 2651 Telegraph Rd St. Louis, MO 63125 2909 Ford St Beloit, WI 53511 3028 S Seneca St Wichita, KS 67217 3031 23rd Ave Greeley, CO 80631 307 Greenbriar Rd Normal, IL 61761 3091 Goodman Rd W Horn Lake, MS 38637 3131 S 72nd St Omaha, NE 68124 3521 S Broadway Edmond, OK 3581 Hickory Hill Rd Memphis, TN 38115 3715 Sandman Ln Columbia, MO 65201 3900 Southern Blvd SE Rio Rancho, NM 87124 3910 S McColl Rd Edinburg, TX 78539 4406 Western Ave Knoxville, TN 37921 4441 Fredricksburg Rd Balcones Heights, TX 78201 4620 Old Greenwood Rd Fort Smith, AR 72903 4675 TX-121 The Colony, TX 75056 505 E 53rd St, Davenport, IA 52807 5404 Rogers Ave Fort Smith, AR 72903 5762 Rufe Snow Dr N Richland Hills, TX 76180 6609 N 99th St Omaha, NE 68122 6627 Governors Pkwy Edwardsville, IL 62025 681 Sycamore Dr Sullivan, MO 63080 701 Hillsboro Blvd Manchester, TN 37355 7323 Fairlawn Dr San Antonio, TX 78223 7514 S Zarzamora St San Antonio, TX 78224 8274 Hwy 64 Bartlett, TN 38133 9600 Sage Rd SW Albuquerque, NM 87121 Appleton, WI - E College Ave Appleton, WI - E Longview Dr Appleton, WI - N123 Eisenhower Drive Arnold, MO - JeffCo Blvd Augusta, KS - W 7th Ave Ballwin, MO - Manchester Rd Bastrop, TX - Old Austin Hwy Bastrop, TX - State Hwy 71 Bee Cave, TX - State Hwy 71 Belleville, IL - Belleville Crossing Belleville, IL - N Green Mount Commons Dr Bellevue, NE - S 22nd St Bellevue, WI - Monroe Rd Bentonville, AR - SE Walton Blvd Bloomington, IL - E Oakland Ave Boerne, TX - 28353 IH-10 Boerne, TX - S Main St Boonville, MO - Boonslick Dr Bryan, TX - E William Joel Bryan Pkwy Bryan, TX - W Villa Maria Burleson, TX - 797 SW Wilshire Blvd Cape Girardeau, MO - N Kingshighway Cape Girardeau, MO - Siemers Dr Clarksville, TN - 1493 Madison St. Clarksville, TN - 2021 Needmore Rd College Station, TX - Farm to Market Rd 2154 Collinsville, IL - N Bluff Rd Colorado Springs, CO - 1378 Republic Dr. Colorado Springs, CO - 301 E. Fillmore St. Colorado Springs, CO - 6653 Dalby Dr. Columbia, MO - Clark Ln Columbia, MO - Conley Rd Columbia, MO - Grindstone Pkwy Columbia, MO - N Providence Rd Columbia, MO - S Scott Blvd Columbia, MO - W Worley St Coralville, IA - 2nd St Cottleville, MO - 6088 Mid Rivers Mall Dr Council Bluffs, IA - W Broadway Davenport, IA - E 53rd St Decatur, IL - E Pershing Rd Denton, TX - E University Dr Derby, KS - N Rock Rd Edinburg, TX - N Jackson Rd Edmond, OK - Kelly & Covell Edmond, OK - N Kelley Ave Edmond, OK - NW 178th St Eureka, MO - Legends Pkwy Fairview Heights, IL - 6118 Illinois Dr Farmington, MO - Maple St Fayetteville, AR - Joyce Blvd Fayetteville, AR - N College Ave Fayetteville, AR - N Crossover Rd Fayetteville, AR - W MLK Blvd Fenton, MO - Bowles Ave Fenton, MO - Majestic Dr Festus, MO - N Creek Dr Florissant, MO - N Hwy 67 Fond du Lac, WI - N Country Ln Fond du Lac, WI - N Pioneer Rd Fond du Lac, WI - W Pioneer Rd Fort Worth, TX - E Blue Mound Rd Garland, TX - Foster Rd Georgetown, TX - W University Ave Georgetown, TX - Williams Dr Grain Valley, MO - N Main St Grand Junction, CO - 2122 North Ave Grand Junction, CO - 691 24 Road Green Bay, WI - University Ave Green Bay, WI - W Mason St Hazelwood, MO - Howdershell Rd Headquarters Hewitt, TX - Hewitt Dr Houston, TX - Huffmeister Rd Hutchinson, KS - E 17th Ave Independence, MO - E 39th St Iowa City, IA - Hwy 6 Iowa City, IA - IA-1 Jacksonville, IL - W Morton Ave Kansas City, MO - Lees Summit Rd Katy, TX - Fulshear Kearney, MO - Watson Dr Kyle, TX - Kyle Centre Dr Lake St. Louis, MO - Hawk Ridge Trl Lake St. Louis, MO - Hwy N Lakewood, CO - Alameda Pkwy Lansing, KS - W Eisenhower Rd Lawrence, KS - Bauer Farm Dr Lawrence, KS - E 23rd St Leander, TX - Ronald Reagan Lebanon, MO - S Jefferson Ave Leon Valley, TX - Bandera Rd Liberty Hill, TX - W State Hwy 29 Loves Park, IL - Deery Dr Lowell, AR - N Bloomington Rd Manitowoc, WI - Calumet Ave Maplewood, MO - Maplewood Commons Dr McAllen, TX - 1300 E Jackson Rd McAllen, TX - E Ridge Rd McKinney, TX - Stacy Rd Mead, CO - Highland Dr Melissa, TX - Sam Rayburn Hwy Menasha, WI - Midway Rd Mesquite, TX - 2121 N Belt Line Rd Mesquite, TX - Buckner Blvd Mission, TX - E Griffin Pkwy Moberly, MO - Hwy 24 Moline, IL - 41st Ave Dr Moore, OK - S Eastern Ave Murfreesboro, TN - Rutherford Blvd Muscatine, IA - Park Ave Nashville, TN - 3131 Lebanon Pike Nashville, TN - 3600 Murfreesboro Pike Nashville, TN - Hwy 70 S Neenah, WI - W Winneconne Ave New Braunfels, TX - TX-46 Norman, OK - 36th Ave Norman, OK - Classen Blvd O'Fallon, IL - Frank Scott Pkwy O'Fallon, MO - Monticello Dr O'Fallon, MO - Veterans Memorial Pkwy O'Fallon, MO - W Terra Ln Oklahoma City - SE 44th St Oklahoma City, OK - N Council Rd Oklahoma City, OK - N Rockwell Ave Oklahoma City, OK - SW 89th St Oklahoma City, OK - W Reno Ave Oklahoma City, OK - Western Ave Olathe, KS - S Harrison St Omaha, NE - 18318 Evans St Omaha, NE - Gold St Omaha, NE - N 108th St Omaha, NE - N 72nd St Omaha, NE - S 72nd St Ottawa, KS - S Princeton St Overland Park, KS - W 121st St Overland Park, KS - W 95th St Pearland, TX - Pearland Pkwy Peoria, IL - N Centerway Dr Peoria, IL - Sterling Ave Peoria, IL - W Glen Ave Peoria, IL - W Holiday Dr Pflugerville, TX - TX-130 Prosper, TX - E University Dr Rogers, AR - W Hudson Rd Rolla, MO - Fairgrounds Rd Round Rock, TX - 1051 N A.W. Grimes Blvd Saginaw, TX - 100 E McLeroy Blvd Salina, KS - Market Place Salina, KS - S Broadway San Antonio, TX - 2815 SE Military Drive San Antonio, TX - Culebra Rd San Antonio, TX - Hwy 151 San Antonio, TX - Marbach Rd San Antonio, TX - Medina Base Rd San Antonio, TX - NW Military Hwy San Antonio, TX - Perrin Beitel San Antonio, TX - Potranco Rd San Antonio, TX - SW Military Dr San Antonio, TX - W Interstate 10 San Antonio, TX - W Loop 1604 San Marcos, TX - S I-35 Sedalia, MO - Wisconsin Ave Shawnee, KS - Silverheel St Shawnee, KS - W 65th St Sheboygan, WI - Vanguard Dr Sherman, TX - Texoma Pkwy Sikeston, MO - S Main St Siloam Springs, AR - E Main St Springdale, AR - 3500 S. 48th St. Springdale, AR - E Robinson Ave Springdale, AR - N 45th St Springdale, AR - N Thompson St Springfield, IL - 1640 W Jefferson St Springfield, IL - Lincolnshire Blvd Springfield, IL - N Dirksen Pkwy Springfield, IL - Veterans Pkwy Springfield, TN - Memorial Blvd St. Ann, MO - St. Charles Rock Rd St. Charles, MO - 1st Capitol Dr St. Charles, MO - Zumbehl Rd St. Louis, MO - Gravois Ave St. Louis, MO - Hampton Ave St. Louis, MO - Lusher Rd St. Louis, MO - S Lindbergh Blvd St. Robert - Hwy Z Sterling, IL - 35th Ave Stillwater, OK - E 6th Ave Stillwater, OK - N Perkins Rd Sussex, WI - W248N5221 Executive Dr Taylor, TX - N Main St Topeka, KS - NW 25th St Topeka, KS - SE California Ave Topeka, KS - SW 30th Terrace Topeka, KS - SW Topeka Blvd Troy, MO - Merlin Dr Waco, TX - N Valley Mills Dr Warehouse Warrenton, MO - N State Hwy 47 Washington, MO - Willows Ct Waterloo, IA - E San Marnan Dr Wentzville, MO - Wilmer Meadow Dr Wichita, KS - 2965 N Maize Rd Wichita, KS - 3610 N Maize Rd Wichita, KS - 47th & Broadway Wichita, KS - 7931 E 37th St N Wichita, KS - N 127th St E Wichita, KS - N Woodlawn Blvd Wichita, KS - S Rock Rd Wichita, KS - W 21st St Yukon, OK - N Mustang Rd Optional: FastPass # or Last 4 Digits of Payment Method Comment or Message * Send (833) 416 - 9975 CONTACT@CLUBCARWASH.COM COMPANY Washes Unlimited Club Locations Business Accounts Acquisitions Employee Portal Washes Unlimited Club Locations Business Accounts Acquisitions Employee Portal COMMUNITY News Fundraising Community Donations Children’s Miracle Network Hospitals News Fundraising Community Donations Children’s Miracle Network Hospitals NEED HELP? Contact Us Survey Vehicle Restrictions Privacy Policy Contact Us Survey Vehicle Restrictions Privacy Policy CAREERS Our Story Careers Our Story Careers FOLLOW US X-twitter Facebook Instagram Youtube Tiktok Email us Fill out the form below and we will reach out as soon as possible. CLOSE"
    }
  ]
}